2021-08-26 22:37:10.966557;Dono mesmo;Ligar o bot;ligou o bot
2021-08-26 22:37:25.693451;kellymol#9631;//gaal 3;Enviado o print da Q3 para a pessoa
2021-08-26 22:37:25.943960;Andrew3303#1382;//gaal 2 1 -1 -2 1 6 2 2 4 -5 1 3 -4 12 0 -3 9;Enviado o print da Q2 para a pessoa
2021-08-26 22:37:30.025947;hutner700#5080;//pix;Enviou o numero do pix!
2021-08-26 22:37:32.308350;Jessica Rodrigues#3727;//gaal 3;Enviado o print da Q3 para a pessoa
2021-08-26 22:37:52.961122;Anônimo#9996;//gaal 1 2 1 2 -1 -1 3 6 2 14 0 2 3 9 5 5;[[0, 2, 3]]
2021-08-26 22:37:54.142956;Anônimo#9996;//gaal 1 2 1 2 -1 -1 3 6 2 14 0 2 3 9 5 5;Enviado o print da Q4 para a pessoa
2021-08-26 22:37:57.062037;PAN1#4953;//gaal 2;Enviado o print da Q2 para a pessoa
2021-08-26 22:38:02.780638;Leticiag#3763;//gaal 1 0 0 2 0 -2 6 3 1 0 0 1 -1 0 2 4;[[3, 1, 0]]
2021-08-26 22:38:07.142491;simoesrochaa#4637;//gaal 1;Mandou o exemplo
2021-08-26 22:38:09.276892;Leticiag#3763;//gaal 1 0 0 2 0 -2 6 3 1 0 0 1 -1 0 2 4;Enviado o print da Q4 para a pessoa
2021-08-26 22:38:13.546304;simoesrochaa#4637;//gaal 1 0 -2 -2 0 1 -2 1 0 1 0 -5 -14 0 -1 8;[[1, 0, 1]]
2021-08-26 22:38:14.495042;Ana Clara#5489;//gaal 1;Mandou o exemplo
2021-08-26 22:38:15.050864;simoesrochaa#4637;//gaal 1 0 -2 -2 0 1 -2 1 0 1 0 -5 -14 0 -1 8;Enviado o print da Q4 para a pessoa
2021-08-26 22:38:30.559182;lacorte#6767;//gaal 5;Enviado o print da Q5 para a pessoa
2021-08-26 22:38:46.548364;Japonês#8708;//gaal 1 -8 2 2 2 2 1 -2 3 2 6 1 0 1 2 0;[[1, 2, 0]]
2021-08-26 22:38:49.288734;Kristian Melo#5216;//gaal 3;Enviado o print da Q3 para a pessoa
2021-08-26 22:38:52.153077;Japonês#8708;//gaal 1 -8 2 2 2 2 1 -2 3 2 6 1 0 1 2 0;Enviado o print da Q4 para a pessoa
2021-08-26 22:38:53.810202;Brunacarla#5830;//gaal 2;Enviado o print da Q2 para a pessoa
2021-08-26 22:38:54.591120;simoesrochaa#4637;//gaal 2;Enviado o print da Q2 para a pessoa
2021-08-26 22:38:58.722054;matheus p#2908;//gaal 1 12 -6 3 0 6 -3 -1 -2 -1 2 0 0 2 -2 1;[[-1, -2, -1]]
2021-08-26 22:38:58.789491;Leticiag#3763;//gaal 2 0 2 1 0 1 6 1 5 -8 0 -2 0 3 -2 -1 -2;Enviado o print da Q2 para a pessoa
2021-08-26 22:38:59.945252;matheus p#2908;//gaal 1 12 -6 3 0 6 -3 -1 -2 -1 2 0 0 2 -2 1;Enviado o print da Q4 para a pessoa
2021-08-26 22:39:27.071525;Ana Clara#5489;//gaal 1 0 -6 -6 1 0 1 1 -2 -1 2 2 0 5 -4 1;[[2, 2, 0]]
2021-08-26 22:39:28.921311;Ana Clara#5489;//gaal 1 0 -6 -6 1 0 1 1 -2 -1 2 2 0 5 -4 1;Enviado o print da Q4 para a pessoa
2021-08-26 22:39:30.410776;DeNiro#0017;//gaal 1 0 0 1 3 3 2 -3 -3 2 1 1 0 -1 0 1;[[-1, 0, 1]]
2021-08-26 22:39:31.892318;DeNiro#0017;//gaal 1 0 0 1 3 3 2 -3 -3 2 1 1 0 -1 0 1;Enviado o print da Q4 para a pessoa
2021-08-26 22:39:35.101336;NV#5275;//gaal 1 2 -1 1 1 3 -2 3 3 2 3 -5 4 9 6 -3;[[3, 3, 2]]
2021-08-26 22:39:37.885573;NV#5275;//gaal 1 2 -1 1 1 3 -2 3 3 2 3 -5 4 9 6 -3;Enviado o print da Q4 para a pessoa
2021-08-26 22:40:06.033355;PAN1#4953;//gaal 3;Enviado o print da Q3 para a pessoa
2021-08-26 22:40:06.147565;gs#7327;//gaal 5;Enviado o print da Q5 para a pessoa
2021-08-26 22:40:36.494561;Ranieri#7219;//gaal 4;Enviado o print da Q4 para a pessoa
2021-08-26 22:40:55.195379;Fernando Coura#2985;//gaal 3 0 3 2 3 0 -2 9 -9 -3;Enviado o print da Q3 para a pessoa
2021-08-26 22:41:14.774503;Michelle M.#8442;//GAAL 1;Mandou o exemplo
2021-08-26 22:41:18.737770;simoesrochaa#4637;//gaal 3;Enviado o print da Q3 para a pessoa
2021-08-26 22:41:35.436512;kogubola#5223;//gaal 5;Enviado o print da Q5 para a pessoa
2021-08-26 22:41:48.284472;Andrew3303#1382;//gaal 2 1 -1 -2 1 6 2 2 4 -5 1 3 -4 12 0 -3 9;Enviado o print da Q2 para a pessoa
2021-08-26 22:41:50.635238;mikazzz#1742;//gaal 2;Enviado o print da Q2 para a pessoa
2021-08-26 22:41:57.532920;Michelle M.#8442;//GAAL 1 2 1 3 10 6 4 3 2 -1 -3 -3 12 3 1 1;Mandou o exemplo
2021-08-26 22:42:23.141654;guilhermegoes#7719;//gaal 2;Enviado o print da Q2 para a pessoa
2021-08-26 22:42:31.930989;hutner700#5080;//gaal 4;Enviado o print da Q4 para a pessoa
2021-08-26 22:42:34.857481;lacorte#6767;//gaal 5;Enviado o print da Q5 para a pessoa
2021-08-26 22:42:51.795108;Motoboydohabbibs#6438;//gaal 1 1 0 2 -1 2 0 3 6 6 0 3 0 4 6 8;[[-1, 2, 0]]
2021-08-26 22:42:52.909000;Motoboydohabbibs#6438;//gaal 1 1 0 2 -1 2 0 3 6 6 0 3 0 4 6 8;Enviado o print da Q4 para a pessoa
2021-08-26 22:42:53.114245;YuriMarquezani#9175;//gaal 4;Enviado o print da Q4 para a pessoa
2021-08-26 22:43:00.650949;Motoboydohabbibs#6438;//gaal 1 1 0 2 -1 2 0 3 6 6 0 3 0 4 6 8;[[-1, 2, 0]]
2021-08-26 22:43:07.093033;Motoboydohabbibs#6438;//gaal 1 1 0 2 -1 2 0 3 6 6 0 3 0 4 6 8;Enviado o print da Q4 para a pessoa
2021-08-26 22:43:10.909309;Michelle M.#8442;//GAAL 2;Enviado o print da Q2 para a pessoa
2021-08-26 22:43:13.666958;kellymol#9631;//gaal 5;Enviado o print da Q5 para a pessoa
2021-08-26 22:43:19.847324;Gabe_I#9463;//gaal 1;Mandou o exemplo
2021-08-26 22:43:36.598657;Leticiag#3763;//gaal 3;Enviado o print da Q3 para a pessoa
2021-08-26 22:44:44.150196;Gabe_I#9463;//gaal 1 0 3 1 0 2 -1 9 -12 -3 -2 2 1 1 -2 0;[[0, 3, 1]]
2021-08-26 22:44:45.986724;Gabe_I#9463;//gaal 1 0 3 1 0 2 -1 9 -12 -3 -2 2 1 1 -2 0;Enviado o print da Q4 para a pessoa
2021-08-26 22:44:53.220304;Jessica Rodrigues#3727;//gaal 5;Enviado o print da Q5 para a pessoa
2021-08-26 22:44:57.875082;Anônimo#9996;//gaal 2 -2 0 -2 -1 2 1 3 2 4 -2 -2 -1 2 3 5 4;Enviado o print da Q2 para a pessoa
2021-08-26 22:45:10.967110;Ana Clara#5489;//gaal 2;Enviado o print da Q2 para a pessoa
2021-08-26 22:45:30.551408;Pablo Augusto#1308;//gaal 2 0 4 2 2 -2 0 3 1 1 3 0 1 -2 -4 1 -1;Enviado o print da Q2 para a pessoa
2021-08-26 22:46:06.048116;Andrew3303#1382;//gaal 3;Enviado o print da Q3 para a pessoa
2021-08-26 22:46:18.642485;matheus p#2908;//gaal 1 12 -6 3 0 6 -3 -1 -2 -1 2 0 0 2 -2 1;[[-1, -2, -1]]
2021-08-26 22:46:20.183132;matheus p#2908;//gaal 1 12 -6 3 0 6 -3 -1 -2 -1 2 0 0 2 -2 1;Enviado o print da Q4 para a pessoa
2021-08-26 22:46:21.133992;mirandscarol#6039;//gaal 4;Enviado o print da Q4 para a pessoa
2021-08-26 22:46:33.908695;guilhermegoes#7719;//gaal 3;Enviado o print da Q3 para a pessoa
2021-08-26 22:46:37.708923;matheusnoca#5807;//gaal 4;Enviado o print da Q4 para a pessoa
2021-08-26 22:47:04.172510;Belle#6661;//gaal 1 4 2 5 4 2 2 0 0 3 1 1 2 -2 -1 2;[[1, 1, 2]]
2021-08-26 22:47:05.584059;Belle#6661;//gaal 1 4 2 5 4 2 2 0 0 3 1 1 2 -2 -1 2;Enviado o print da Q4 para a pessoa
2021-08-26 22:47:08.239875;YuriMarquezani#9175;//gaal 4;Enviado o print da Q4 para a pessoa
2021-08-26 22:47:53.610734;lacorte#6767;//gaal 4;Enviado o print da Q4 para a pessoa
2021-08-26 22:48:10.598463;Motoboydohabbibs#6438;//gaal 2;Enviado o print da Q2 para a pessoa
2021-08-26 22:48:16.864373;mikazzz#1742;//gaal 3;Enviado o print da Q3 para a pessoa
2021-08-26 22:48:32.033347;Leticiag#3763;//gaal 3;Enviado o print da Q3 para a pessoa
2021-08-26 22:48:39.544176;Joãozin#7667;//gaal 1;Mandou o exemplo
2021-08-26 22:48:42.663807;Michelle M.#8442;//GAAL 3;Enviado o print da Q3 para a pessoa
2021-08-26 22:48:55.020172;Jessica Rodrigues#3727;//gaal 3;Enviado o print da Q3 para a pessoa
2021-08-26 22:49:19.407150;Braunie-chan#7667;//gaal 1;Mandou o exemplo
2021-08-26 22:49:30.375154;Kristian Melo#5216;//gaal 4;Enviado o print da Q4 para a pessoa
2021-08-26 22:50:31.066382;Belle#6661;//gaal 2;Enviado o print da Q2 para a pessoa
2021-08-26 22:50:37.236132;Braunie-chan#7667;//gaal 1 0 1 3 0 1 -9 0 -2 -10 -1 1 -2 0 -1 1;[[-1, 1, -2]]
2021-08-26 22:50:38.445512;Braunie-chan#7667;//gaal 1 0 1 3 0 1 -9 0 -2 -10 -1 1 -2 0 -1 1;Enviado o print da Q4 para a pessoa
2021-08-26 22:50:48.882490;Joãozin#7667;//gaal 1  0 0 3 -2 0 0 -2 6 2 2 3 1 -8 -3 -1;Mandou o exemplo
2021-08-26 22:50:52.052255;matheusnoca#5807;//gaal 4;Enviado o print da Q4 para a pessoa
2021-08-26 22:50:52.265206;PAN1#4953;//gaal 4;Enviado o print da Q4 para a pessoa
2021-08-26 22:51:08.362584;specined49#5473;//gaal 1 321 -9-6-1  -6-4-6 00-2 110;Mandou o exemplo
2021-08-26 22:51:28.659385;lia_cardoso#0569;//gaal 1 2 -1 -1  0 6 14  -1 2 0  1  1 3  1 -5 -11;Mandou o exemplo
2021-08-26 22:51:32.439780;YuriMarquezani#9175;//gaal 4;Enviado o print da Q4 para a pessoa
2021-08-26 22:51:54.075884;Joãozin#7667;//gaal 1 0 0 3 -2 0 0 -2 6 2 2 3 1 -8 -3 -1;[[0, 0, 3]]
2021-08-26 22:51:56.784796;Joãozin#7667;//gaal 1 0 0 3 -2 0 0 -2 6 2 2 3 1 -8 -3 -1;Enviado o print da Q4 para a pessoa
2021-08-26 22:52:09.757151;PAN1#4953;//gaal 5;Enviado o print da Q5 para a pessoa
2021-08-26 22:52:19.503475;Gabe_I#9463;//gaal 2;Enviado o print da Q2 para a pessoa
2021-08-26 22:52:19.614801;guilhermegoes#7719;//gaal 4;Enviado o print da Q4 para a pessoa
2021-08-26 22:52:42.236702;lia_cardoso#0569;//gaal 1 2 -1 -1  0 6 14  -1 2 0  1  1 3  1 -5 -11;Mandou o exemplo
2021-08-26 22:52:45.765570;mikazzz#1742;//gaal 4;Enviado o print da Q4 para a pessoa
2021-08-26 22:53:06.395248;matheus p#2908;//gaal 2 5 0 3 10 0 3 1 1 1 3 2 4 6 -6 -2 1;Enviado o print da Q2 para a pessoa
2021-08-26 22:53:34.985716;specined49#5473;//gaal 1 321 -9-6-1 -6-4-6 00-2 110;Mandou o exemplo
2021-08-26 22:53:40.241221;Jessica Rodrigues#3727;//gaal 4;Enviado o print da Q4 para a pessoa
2021-08-26 22:53:43.258872;camis#3267;//gaal 1 1 1 0 1 -1 2 -1 4 -5 1 -2 3 0 2 -1;[[0, 2, -1]]
2021-08-26 22:53:49.287791;camis#3267;//gaal 1 1 1 0 1 -1 2 -1 4 -5 1 -2 3 0 2 -1;Enviado o print da Q4 para a pessoa
2021-08-26 22:54:03.997447;Anônimo#9996;//gaal 3;Enviado o print da Q3 para a pessoa
2021-08-26 22:54:07.959973;Vinicius8#1443;//gaal 1 -6 0 5 0 0 1 0 3 -2 -4 0 5 -2 0 1;[[0, 3, -2]]
2021-08-26 22:54:13.216014;Vinicius8#1443;//gaal 1 -6 0 5 0 0 1 0 3 -2 -4 0 5 -2 0 1;Enviado o print da Q4 para a pessoa
2021-08-26 22:54:22.403476;Michelle M.#8442;//GAAL 3;Enviado o print da Q3 para a pessoa
2021-08-26 22:54:26.958009;brendacarves#7723;//gaal 1 3 2 1 -9 -6 -1 -6 -4 -6 0 0 -2 1 1 0;[[1, 1, 0]]
2021-08-26 22:54:31.518100;brendacarves#7723;//gaal 1 3 2 1 -9 -6 -1 -6 -4 -6 0 0 -2 1 1 0;Enviado o print da Q4 para a pessoa
2021-08-26 22:54:35.881714;julia#1537;//gaal 1 -2 6 0 0 -2 1 -1 1 1 1 -7 2 0 2 2;[[0, 2, 2]]
2021-08-26 22:54:37.081021;julia#1537;//gaal 1 -2 6 0 0 -2 1 -1 1 1 1 -7 2 0 2 2;Enviado o print da Q4 para a pessoa
2021-08-26 22:54:43.178535;Doninha de Liyue#0827;//gaal 1 0 3 1 2 1 -1 2 1 2 12 6 6 -2 -1 -8;[[0, 3, 1]]
2021-08-26 22:54:44.493271;Doninha de Liyue#0827;//gaal 1 0 3 1 2 1 -1 2 1 2 12 6 6 -2 -1 -8;Enviado o print da Q4 para a pessoa
2021-08-26 22:54:54.016290;lacorte#6767;//gaal 5;Enviado o print da Q5 para a pessoa
2021-08-26 22:54:57.508020;mirandscarol#6039;//gaal 5;Enviado o print da Q5 para a pessoa
2021-08-26 22:54:58.469016;matheusnoca#5807;//gaal 3;Enviado o print da Q3 para a pessoa
2021-08-26 22:55:03.655056;Ana Clara#5489;//gaal 3;Enviado o print da Q3 para a pessoa
2021-08-26 22:55:18.797999;brendacarves#7723;//gaal 1 3 2 1 -9 -6 -1 -6 -4 -6 0 0 -2 1 1 0;[[1, 1, 0]]
2021-08-26 22:55:20.784682;brendacarves#7723;//gaal 1 3 2 1 -9 -6 -1 -6 -4 -6 0 0 -2 1 1 0;Enviado o print da Q4 para a pessoa
2021-08-26 22:56:04.261588;Michelle M.#8442;//GAAL 4;Enviado o print da Q4 para a pessoa
2021-08-26 22:56:05.448700;Braunie-chan#7667;//gaal 1 0 1 3 0 1 -9 0 -2 -10 -1 1 -2 0 -1 1;[[-1, 1, -2]]
2021-08-26 22:56:06.714433;Braunie-chan#7667;//gaal 1 0 1 3 0 1 -9 0 -2 -10 -1 1 -2 0 -1 1;Enviado o print da Q4 para a pessoa
2021-08-26 22:56:11.060564;Henricuda#1889;//gaal 1 1 0 0 3 0 2 10 -1 10 2 1 -2 20 4  0;Mandou o exemplo
2021-08-26 22:56:26.387810;Belle#6661;//gaal 2;Enviado o print da Q2 para a pessoa
2021-08-26 22:56:37.335976;Braunie-chan#7667;//gaal 2;Enviado o print da Q2 para a pessoa
2021-08-26 22:56:39.119478;Gabe_I#9463;//gaal 3;Enviado o print da Q3 para a pessoa
2021-08-26 22:56:49.348293;jhanifer#5630;//gaal 1 1 1 1  -4 -6 -2 0 2 0 1 2 0 2 1 3;Mandou o exemplo
2021-08-26 22:56:50.057860;lia_cardoso#0569;//gaal 1 0 1 3 0 1 -9 0 -2 -10 -1 1 -2 0 -1 1;[[-1, 1, -2]]
2021-08-26 22:56:54.319000;lia_cardoso#0569;//gaal 1 0 1 3 0 1 -9 0 -2 -10 -1 1 -2 0 -1 1;Enviado o print da Q4 para a pessoa
2021-08-26 22:57:19.273626;kellymol#9631;//gaal 5;Enviado o print da Q5 para a pessoa
2021-08-26 22:57:28.755745;Hani桜#1485;//gaal 1 0 1 12 0 3 0 1 1 2 0 -3 -9 0 -2 -3;[[1, 1, 2]]
2021-08-26 22:57:35.102927;Hani桜#1485;//gaal 1 0 1 12 0 3 0 1 1 2 0 -3 -9 0 -2 -3;Enviado o print da Q4 para a pessoa
2021-08-26 22:57:38.089777;kellymol#9631;//gaal 4;Enviado o print da Q4 para a pessoa
2021-08-26 22:57:45.860094;Vinicius8#1443;//gaal 1 -6 0 5 0 0 1 0 3 -2 -4 0 5 -2 0 1;[[0, 3, -2]]
2021-08-26 22:57:47.039722;Vinicius8#1443;//gaal 1 -6 0 5 0 0 1 0 3 -2 -4 0 5 -2 0 1;Enviado o print da Q4 para a pessoa
2021-08-26 22:57:48.488002;Joãozin#7667;//gaal 3;Enviado o print da Q3 para a pessoa
2021-08-26 22:57:53.167188;Vinicius8#1443;//gaal 1 -6 0 5 0 0 1 0 3 -2 -4 0 5 -2 0 1;[[0, 3, -2]]
2021-08-26 22:57:57.765196;Andrew3303#1382;//gaal 4;Enviado o print da Q4 para a pessoa
2021-08-26 22:57:59.968780;Vinicius8#1443;//gaal 1 -6 0 5 0 0 1 0 3 -2 -4 0 5 -2 0 1;Enviado o print da Q4 para a pessoa
2021-08-26 22:58:02.768471;NV#5275;//gaal 1 2 -1 1 1 3 -2 3 3 2 3 -5 4 9 6 -3;[[3, 3, 2]]
2021-08-26 22:58:04.870520;NV#5275;//gaal 1 2 -1 1 1 3 -2 3 3 2 3 -5 4 9 6 -3;Enviado o print da Q4 para a pessoa
2021-08-26 22:58:15.944151;hudsoncalado#1001;//gaal1 2 1 1 7 8 8 1 -4 -4 1 2 2 0 1 0;Errou o comando!
2021-08-26 22:58:20.258389;ghasbro#4217;//gaal 5;Enviado o print da Q5 para a pessoa
2021-08-26 22:58:22.728284;Vinicius8#1443;//gaal 1 -6 0 5 0 0 1 0 3 -2 -4 0 5 -2 0 1;[[0, 3, -2]]
2021-08-26 22:58:25.178061;Vinicius8#1443;//gaal 1 -6 0 5 0 0 1 0 3 -2 -4 0 5 -2 0 1;Enviado o print da Q4 para a pessoa
2021-08-26 22:58:30.149103;YuriMarquezani#9175;//gaal 2;Enviado o print da Q2 para a pessoa
2021-08-26 22:58:38.390062;hudsoncalado#1001;//gaal 1 2 1 1 7 8 8 1 -4 -4 1 2 2 0 1 0;[[0, 1, 0]]
2021-08-26 22:58:44.238005;hudsoncalado#1001;//gaal 1 2 1 1 7 8 8 1 -4 -4 1 2 2 0 1 0;Enviado o print da Q4 para a pessoa
2021-08-26 22:58:46.834922;Mirii#3695;//gaal 1 -3 3 0 3 3 3 -2 0 0 4 12 12 5 9 9;[[-3, 3, 0]]
2021-08-26 22:58:49.578682;Mirii#3695;//gaal 1 -3 3 0 3 3 3 -2 0 0 4 12 12 5 9 9;Enviado o print da Q4 para a pessoa
2021-08-26 22:59:30.519217;Mirii#3695;//gaal 1 -3 3 0 3 3 3 -2 0 0 4 12 12 5 9 9;[[-3, 3, 0]]
2021-08-26 22:59:33.093472;jhanifer#5630;//gaal 1 1 1 1 -4 -6 -2 0 2 0 1 2 0 2 1 3;[[0, 2, 0]]
2021-08-26 22:59:35.745904;Mirii#3695;//gaal 1 -3 3 0 3 3 3 -2 0 0 4 12 12 5 9 9;Enviado o print da Q4 para a pessoa
2021-08-26 22:59:36.885296;jhanifer#5630;//gaal 1 1 1 1 -4 -6 -2 0 2 0 1 2 0 2 1 3;Enviado o print da Q4 para a pessoa
2021-08-26 22:59:42.106296;Henricuda#1889;//gaal 1 1 0 0 3 0 2 10 -1 10 2 1 -2 20 4 0;[[1, 0, 0]]
2021-08-26 22:59:43.282176;Henricuda#1889;//gaal 1 1 0 0 3 0 2 10 -1 10 2 1 -2 20 4 0;Enviado o print da Q4 para a pessoa
2021-08-26 22:59:59.268572;hudsoncalado#1001;//gaal 2 -1 -4 -5 -2 5 -4 4 0 2 6 1 4 3 -8 3 -2;Enviado o print da Q2 para a pessoa
2021-08-26 23:00:04.512690;Jessica Rodrigues#3727;//gaal 4;Enviado o print da Q4 para a pessoa
2021-08-26 23:00:07.641107;ceresdawn#7138;//gaal 1 2 0 3 3 -1 3 1 1 0 8 0 6 5 -3 6;[[2, 0, 3]]
2021-08-26 23:00:08.798065;ceresdawn#7138;//gaal 1 2 0 3 3 -1 3 1 1 0 8 0 6 5 -3 6;Enviado o print da Q4 para a pessoa
2021-08-26 23:00:23.514309;lacorte#6767;//gaal 4;Enviado o print da Q4 para a pessoa
2021-08-26 23:01:05.033492;mikazzz#1742;//gaal 5;Enviado o print da Q5 para a pessoa
2021-08-26 23:01:06.669889;matheusnoca#5807;//gaal 3;Enviado o print da Q3 para a pessoa
2021-08-26 23:01:09.117930;João Francisco#0935;//gaal 1 2 0 2 -6 -2 2 4 3 -1 -1 3 1 -2 1 1;[[2, 0, 2]]
2021-08-26 23:01:10.446977;João Francisco#0935;//gaal 1 2 0 2 -6 -2 2 4 3 -1 -1 3 1 -2 1 1;Enviado o print da Q4 para a pessoa
2021-08-26 23:01:12.366445;Guilherme GR#3781;//gaal 1 3 2 2 5 5 2 1 -1 2 14 6 12 0 -2 1;[[0, -2, 1]]
2021-08-26 23:01:13.324299;Mirii#3695;//gaal 1 3 3 0 3 3 3 -2 0 0 4 12 12 5 9 9;[[3, 3, 0]]
2021-08-26 23:01:17.825010;Guilherme GR#3781;//gaal 1 3 2 2 5 5 2 1 -1 2 14 6 12 0 -2 1;Enviado o print da Q4 para a pessoa
2021-08-26 23:01:21.557191;Mirii#3695;//gaal 1 3 3 0 3 3 3 -2 0 0 4 12 12 5 9 9;Enviado o print da Q4 para a pessoa
2021-08-26 23:01:53.019083;Braunie-chan#7667;//gaal 3;Enviado o print da Q3 para a pessoa
2021-08-26 23:01:55.447604;Doninha de Liyue#0827;//gaal 4;Enviado o print da Q4 para a pessoa
2021-08-26 23:02:01.648522;kellymol#9631;//gaal 4;Enviado o print da Q4 para a pessoa
2021-08-26 23:02:12.902315;Anônimo#9996;//gaal 4;Enviado o print da Q4 para a pessoa
2021-08-26 23:02:14.856253;Andrew3303#1382;//gaal 4;Enviado o print da Q4 para a pessoa
2021-08-26 23:02:36.450035;mirandscarol#6039;//gaal 5;Enviado o print da Q5 para a pessoa
2021-08-26 23:02:38.114795;Gilnior#6743;//gaal 1 2 0 2 -6 -2 2 4 3 -1 -1 3 1 -2 1 1;[[2, 0, 2]]
2021-08-26 23:02:39.316726;Gilnior#6743;//gaal 1 2 0 2 -6 -2 2 4 3 -1 -1 3 1 -2 1 1;Enviado o print da Q4 para a pessoa
2021-08-26 23:02:46.216385;mirandscarol#6039;//gaal 4;Enviado o print da Q4 para a pessoa
2021-08-26 23:03:10.148197;Gilnior#6743;//gaal 2;Enviado o print da Q2 para a pessoa
2021-08-26 23:03:10.716195;Henricuda#1889;//gaal 2 -2 4 6 7-2 3 3 4 -4 7 9 11 -4 2 -6 -4;Enviado o print da Q2 para a pessoa
2021-08-26 23:03:20.928448;lacorte#6767;//gaal 4;Enviado o print da Q4 para a pessoa
2021-08-26 23:03:40.057698;hudsoncalado#1001;//gaal 3  4 6 -6 6 9 -9 -2 -3 3;Enviado o print da Q3 para a pessoa
2021-08-26 23:03:45.806889;Michelle M.#8442;//GAAL 4;Enviado o print da Q4 para a pessoa
2021-08-26 23:03:46.407302;João Francisco#0935;//gaal 2;Enviado o print da Q2 para a pessoa
2021-08-26 23:03:50.421557;Ana Clara#5489;//gaal 4;Enviado o print da Q4 para a pessoa
2021-08-26 23:03:51.121936;Guilherme GR#3781;//gaal 1 3 2 2 5 5 2 1 -1 2 14 6 12 0 -2 1;[[0, -2, 1]]
2021-08-26 23:03:52.030237;Guilherme GR#3781;//gaal 1 3 2 2 5 5 2 1 -1 2 14 6 12 0 -2 1;Enviado o print da Q4 para a pessoa
2021-08-26 23:04:09.137712;Gabe_I#9463;//gaal 5;Enviado o print da Q5 para a pessoa
2021-08-26 23:04:13.774080;finfolfin#3827;//pix;Enviou o numero do pix!
2021-08-26 23:04:55.902089;Vinícius Cv#5394;//gaal 1 -1 2 1 -4 1 4 2 3 -2 1 0 2 -5 3 5;[[1, 0, 2]]
2021-08-26 23:04:57.054831;Vinícius Cv#5394;//gaal 1 -1 2 1 -4 1 4 2 3 -2 1 0 2 -5 3 5;Enviado o print da Q4 para a pessoa
2021-08-26 23:05:38.016846;matheusnoca#5807;//gaal 3;Enviado o print da Q3 para a pessoa
2021-08-26 23:05:47.389336;D_Chagas11#3015;//gaal 4;Enviado o print da Q4 para a pessoa
2021-08-26 23:06:28.524954;guilhermegoes#7719;//gaal 5;Enviado o print da Q5 para a pessoa
2021-08-26 23:06:36.933020;aquiestaela#6357;//gaal 1 -6 0 5 0 0 1 0 3 -2 -4 0 5 -2 0 1;[[0, 3, -2]]
2021-08-26 23:06:41.698088;aquiestaela#6357;//gaal 1 -6 0 5 0 0 1 0 3 -2 -4 0 5 -2 0 1;Enviado o print da Q4 para a pessoa
2021-08-26 23:06:46.806564;geovannacristina#7786;//gaal 1 0 -6 -6 1 0 1 1 -2 -1 2 2 0 5 -4 1;[[2, 2, 0]]
2021-08-26 23:06:48.059250;geovannacristina#7786;//gaal 1 0 -6 -6 1 0 1 1 -2 -1 2 2 0 5 -4 1;Enviado o print da Q4 para a pessoa
2021-08-26 23:06:56.120713;Braunie-chan#7667;//gaal 4;Enviado o print da Q4 para a pessoa
2021-08-26 23:07:00.838469;Vinícius Cv#5394;//gaal 2 4 0 -3 3 6 -4 4 -1 3 5 1 -2 -2 6 -3 2;Enviado o print da Q2 para a pessoa
2021-08-26 23:07:41.442703;Anônimo#9996;//gaal 4;Enviado o print da Q4 para a pessoa
2021-08-26 23:07:48.138965;lacorte#6767;//gaal 4;Enviado o print da Q4 para a pessoa
2021-08-26 23:08:16.526503;João Francisco#0935;//gaal 3;Enviado o print da Q3 para a pessoa
2021-08-26 23:08:17.258232;geovannacristina#7786;//gaal 2;Enviado o print da Q2 para a pessoa
2021-08-26 23:08:18.193514;Andrew3303#1382;//gaal 5;Enviado o print da Q5 para a pessoa
2021-08-26 23:08:19.240701;aquiestaela#6357;//gaal 2 4 8 6 0 2 7 5 2 6 9 7 -2 -4 1 0 6;Enviado o print da Q2 para a pessoa
2021-08-26 23:08:41.777045;Joãozin#7667;//gaal 4;Enviado o print da Q4 para a pessoa
2021-08-26 23:09:01.692431;Doninha de Liyue#0827;//gaal 5;Enviado o print da Q5 para a pessoa
2021-08-26 23:09:12.503942;quedani#0208;//gaal 1 -4 1 -2 2 1 2 1 -1 0 1 1 2 12 0 8;[[1, 1, 2]]
2021-08-26 23:09:13.592969;quedani#0208;//gaal 1 -4 1 -2 2 1 2 1 -1 0 1 1 2 12 0 8;Enviado o print da Q4 para a pessoa
2021-08-26 23:09:46.017897;Jessica Rodrigues#3727;//gaal 4;Enviado o print da Q4 para a pessoa
2021-08-26 23:09:48.628965;Luiz Moreira#8167;//gaal 2;Enviado o print da Q2 para a pessoa
2021-08-26 23:10:05.472325;quedani#0208;//gaal 1 -4 1 -2 2 1 2 1 -1 0 1 1 2 12 0 8;[[1, 1, 2]]
2021-08-26 23:10:11.718545;quedani#0208;//gaal 1 -4 1 -2 2 1 2 1 -1 0 1 1 2 12 0 8;Enviado o print da Q4 para a pessoa
2021-08-26 23:10:12.346762;D_Chagas11#3015;//gaal 4;Enviado o print da Q4 para a pessoa
2021-08-26 23:10:14.306206;lacorte#6767;//gaal 4;Enviado o print da Q4 para a pessoa
2021-08-26 23:10:24.132454;quedani#0208;//gaal 1 -4 1 -2 2 1 2 1 -1 0 1 1 2 12 0 8;[[1, 1, 2]]
2021-08-26 23:10:29.599520;quedani#0208;//gaal 1 -4 1 -2 2 1 2 1 -1 0 1 1 2 12 0 8;Enviado o print da Q4 para a pessoa
2021-08-26 23:10:53.349042;Pablo Augusto#1308;//gaal 3;Enviado o print da Q3 para a pessoa
2021-08-26 23:10:59.969317;Nathy#8088;//gaal 1 -9 -6 6 -1 -1 -1 3 2 0 -9 -6 -4 0 0 -2;[[-1, -1, -1]]
2021-08-26 23:11:00.977469;Nathy#8088;//gaal 1 -9 -6 6 -1 -1 -1 3 2 0 -9 -6 -4 0 0 -2;Enviado o print da Q4 para a pessoa
2021-08-26 23:11:22.879540;Stephanie Vieira#0090;//gaal 4;Enviado o print da Q4 para a pessoa
2021-08-26 23:11:58.187795;quedani#0208;//gaal 1 -4 1 -2 2 1 2 1 -1 0 1 1 2 12 0 8;[[1, 1, 2]]
2021-08-26 23:12:04.168308;quedani#0208;//gaal 1 -4 1 -2 2 1 2 1 -1 0 1 1 2 12 0 8;Enviado o print da Q4 para a pessoa
2021-08-26 23:12:04.886149;aquiestaela#6357;//gaal 3;Enviado o print da Q3 para a pessoa
2021-08-26 23:12:13.970116;Gomes#8311;//gaal 1 6 4 0 - 6 -3 0  1 0 0 1 1 0 -1 3 1;Mandou o exemplo
2021-08-26 23:12:36.425511;Victor Lambert#1506;//gaal 1;Mandou o exemplo
2021-08-26 23:12:54.165689;᲼᲼᲼Szk᲼᲼᲼᲼᲼᲼᲼᲼᲼᲼᲼᲼᲼᲼᲼#1095;//gaal 1 0 -1 1 -9 -2 -1 1 0 2 -3 1 -2 3 1 0;[[1, 0, 2]]
2021-08-26 23:12:55.338502;᲼᲼᲼Szk᲼᲼᲼᲼᲼᲼᲼᲼᲼᲼᲼᲼᲼᲼᲼#1095;//gaal 1 0 -1 1 -9 -2 -1 1 0 2 -3 1 -2 3 1 0;Enviado o print da Q4 para a pessoa
2021-08-26 23:13:12.855696;Joãozin#7667;//gaal 4;Enviado o print da Q4 para a pessoa
2021-08-26 23:13:12.911133;Jessica Rodrigues#3727;//gaal 5;Enviado o print da Q5 para a pessoa
2021-08-26 23:13:37.729438;geovannacristina#7786;//gaal 2;Enviado o print da Q2 para a pessoa
2021-08-26 23:13:40.042541;᲼᲼᲼Szk᲼᲼᲼᲼᲼᲼᲼᲼᲼᲼᲼᲼᲼᲼᲼#1095;//gaal 2 1 6 4 1 -1 9 4 0 4 -3 2 3 -2 6 2 0;Enviado o print da Q2 para a pessoa
2021-08-26 23:13:42.469080;davinicius#1006;//gaal 1;Mandou o exemplo
2021-08-26 23:14:11.993505;geovannacristina#7786;//gaal 3;Enviado o print da Q3 para a pessoa
2021-08-26 23:14:19.714777;davitonio#3388;//gaal 2;Enviado o print da Q2 para a pessoa
2021-08-26 23:14:23.411523;Andrew3303#1382;//gaal 1;Mandou o exemplo
2021-08-26 23:14:34.775289;Victor Lambert#1506;//gaal 1 2 2 1 3 1 2 14 11 10 -8 -5 -7 2 1 2;[[3, 1, 2]]
2021-08-26 23:14:40.230708;Victor Lambert#1506;//gaal 1 2 2 1 3 1 2 14 11 10 -8 -5 -7 2 1 2;Enviado o print da Q4 para a pessoa
2021-08-26 23:14:47.055973;lDarkChico#5873;//gaal 1;Mandou o exemplo
2021-08-26 23:15:23.573079;Vitoria#1860;//gaal 1 2 3 -2 12 16 0 0 3 0 1 1 2 10 14 -4;[[0, 3, 0]]
2021-08-26 23:15:27.333979;D_Chagas11#3015;//gaal 4;Enviado o print da Q4 para a pessoa
2021-08-26 23:15:29.130938;Vitoria#1860;//gaal 1 2 3 -2 12 16 0 0 3 0 1 1 2 10 14 -4;Enviado o print da Q4 para a pessoa
2021-08-26 23:15:30.264853;Gabe_I#9463;//gaal 4;Enviado o print da Q4 para a pessoa
2021-08-26 23:15:58.344284;Pablo Augusto#1308;//gaal 3;Enviado o print da Q3 para a pessoa
2021-08-26 23:16:03.626625;davinicius#1006;//gaal 1 -1 -2 3 0 1 -1 2 8 -8 -2 2 3 0 -2 1;[[0, 1, -1]]
2021-08-26 23:16:04.787489;davinicius#1006;//gaal 1 -1 -2 3 0 1 -1 2 8 -8 -2 2 3 0 -2 1;Enviado o print da Q4 para a pessoa
2021-08-26 23:16:07.269015;lDarkChico#5873;//gaal 1 0 3 1 0 0 -7 3 -1 1 0 9 10 0 -1 2;[[3, -1, 1]]
2021-08-26 23:16:12.978901;lDarkChico#5873;//gaal 1 0 3 1 0 0 -7 3 -1 1 0 9 10 0 -1 2;Enviado o print da Q4 para a pessoa
2021-08-26 23:16:39.857121;foster_the_plp#8922;//gaal 5;Enviado o print da Q5 para a pessoa
2021-08-26 23:16:47.474284;Victor Lambert#1506;//gaal 2;Enviado o print da Q2 para a pessoa
2021-08-26 23:17:08.722178;Andrew3303#1382;//gaal 1 -1 1 -1 0 9 0 0 0 2 0 3 2 0 -3 -4;[[-1, 1, -1]]
2021-08-26 23:17:09.857440;Andrew3303#1382;//gaal 1 -1 1 -1 0 9 0 0 0 2 0 3 2 0 -3 -4;Enviado o print da Q4 para a pessoa
2021-08-26 23:17:13.475974;John_Mag#4302;//gaal 1 4 2 4 -2 0 -2 -2 4 -2 2 -1 1 1 1 1;[[2, -1, 1]]
2021-08-26 23:17:14.587900;John_Mag#4302;//gaal 1 4 2 4 -2 0 -2 -2 4 -2 2 -1 1 1 1 1;Enviado o print da Q4 para a pessoa
2021-08-26 23:17:21.919877;João Francisco#0935;//gaal 3;Enviado o print da Q3 para a pessoa
2021-08-26 23:17:25.182713;geovannacristina#7786;//gaal 3;Enviado o print da Q3 para a pessoa
2021-08-26 23:17:31.132635;alexj#5542;//gaal 1 0 2 2 1 1 0 -1 2 5 -1 0 3 1 1 -2;[[1, 1, 0]]
2021-08-26 23:17:32.710446;alexj#5542;//gaal 1 0 2 2 1 1 0 -1 2 5 -1 0 3 1 1 -2;Enviado o print da Q4 para a pessoa
2021-08-26 23:17:47.161213;Anônimo#9996;//gaal 4;Enviado o print da Q4 para a pessoa
2021-08-26 23:17:49.386385;geovannacristina#7786;//gaal 4;Enviado o print da Q4 para a pessoa
2021-08-26 23:17:57.942368;lDarkChico#5873;//gaal 2;Enviado o print da Q2 para a pessoa
2021-08-26 23:18:27.952734;Andrew3303#1382;//gaal 1 -1 0 9 0 0 0 2 0 3 2 0 -3 -4 1 -1 1;Mandou o exemplo
2021-08-26 23:18:30.673824;Victor Lambert#1506;//gaal 2;Enviado o print da Q2 para a pessoa
2021-08-26 23:18:54.538463;Andrew3303#1382;//gaal 1 -1 1 1 -1 0 9 0 0 0 2 0 3 2 0 -3 -4;Mandou o exemplo
2021-08-26 23:18:55.691367;esther#8233;//gaal 2;Enviado o print da Q2 para a pessoa
2021-08-26 23:18:57.518264;Pablo Augusto#1308;//gaal 4;Enviado o print da Q4 para a pessoa
2021-08-26 23:19:12.150407;davinicius#1006;//gaal 1 6 4 0 -6 -3 0 1 0 0 1 1 0 -1 3 1;[[-1, 3, 1]]
2021-08-26 23:19:18.451058;alexj#5542;//gaal 1;Mandou o exemplo
2021-08-26 23:19:18.823008;davinicius#1006;//gaal 1 6 4 0 -6 -3 0 1 0 0 1 1 0 -1 3 1;Enviado o print da Q4 para a pessoa
2021-08-26 23:19:18.945096;Andrew3303#1382;//gaal 1 -1 1 -1 0 9 0 0 0 2 0 3 2 0 -3 -4;[[-1, 1, -1]]
2021-08-26 23:19:20.089088;Andrew3303#1382;//gaal 1 -1 1 -1 0 9 0 0 0 2 0 3 2 0 -3 -4;Enviado o print da Q4 para a pessoa
2021-08-26 23:19:29.201053;esther#8233;//gaal 3;Enviado o print da Q3 para a pessoa
2021-08-26 23:19:42.488440;Joãozin#7667;//gaal 4;Enviado o print da Q4 para a pessoa
2021-08-26 23:19:46.517517;Andrew3303#1382;//gaal 1 0 9 0 0 0 2 0 3 2 0 -3 -4 -1 1 -1;[[-1, 1, -1]]
2021-08-26 23:19:48.235900;Andrew3303#1382;//gaal 1 0 9 0 0 0 2 0 3 2 0 -3 -4 -1 1 -1;Enviado o print da Q4 para a pessoa
2021-08-26 23:20:03.730821;davinicius#1006;//gaal 2;Enviado o print da Q2 para a pessoa
2021-08-26 23:20:07.938034;Victor Lambert#1506;//gaal 1;Mandou o exemplo
2021-08-26 23:20:10.840343;João Francisco#0935;//gaal 5;Enviado o print da Q5 para a pessoa
2021-08-26 23:20:13.363637;D_Chagas11#3015;//gaal 4;Enviado o print da Q4 para a pessoa
2021-08-26 23:20:29.864367;Andrew3303#1382;//gaal 1 0 -3 -4 0 9 0 0 0 2 -1 1 -1 0 3 2;[[-1, 1, -1]]
2021-08-26 23:20:30.864309;Andrew3303#1382;//gaal 1 0 -3 -4 0 9 0 0 0 2 -1 1 -1 0 3 2;Enviado o print da Q4 para a pessoa
2021-08-26 23:20:33.383715;Victor Lambert#1506;//gaal 1 2 2 1 3 1 2 13 11 10 -8 -5 -7 2 1 2;[]
2021-08-26 23:20:34.552369;Victor Lambert#1506;//gaal 1 2 2 1 3 1 2 13 11 10 -8 -5 -7 2 1 2;Enviado o print da Q4 para a pessoa
2021-08-26 23:20:53.310407;Victor Lambert#1506;//gaal 1 2 2 1 3 1 2 14 11 10 -8 -5 -7 2 1 2;[[3, 1, 2]]
2021-08-26 23:20:54.343158;Victor Lambert#1506;//gaal 1 2 2 1 3 1 2 14 11 10 -8 -5 -7 2 1 2;Enviado o print da Q4 para a pessoa
2021-08-26 23:21:10.891296;Andrew3303#1382;//gaal 1 0 -3 -4 0 3 2 -1 1 -1  0 9 0 0 0 2;Mandou o exemplo
2021-08-26 23:21:19.244070;Victor Lambert#1506;//gaal 2;Enviado o print da Q2 para a pessoa
2021-08-26 23:23:12.455956;Joãozin#7667;//gaal 5;Enviado o print da Q5 para a pessoa
2021-08-26 23:23:26.628687;lDarkChico#5873;//gaal 2;Enviado o print da Q2 para a pessoa
2021-08-26 23:24:07.371647;Henricuda#1889;//gaal 4;Enviado o print da Q4 para a pessoa
2021-08-26 23:24:18.914045;Isadora#7798;//gaal 1 0 1 3 - 0 1 -9  0 -2 -10 -1 1 -2 0 -1 1;Mandou o exemplo
2021-08-26 23:24:43.780626;Filipe_bc#7887;//gaal 2 0 0 9 3 5 1 8 1 -6 -2 -8 -2 4 1 9 2;Enviado o print da Q2 para a pessoa
2021-08-26 23:25:01.352772;Isadora#7798;//gaal 1 0 1 3 0 1 -9 0 -2 -10 -1 1 -2 0 -1 1;[[-1, 1, -2]]
2021-08-26 23:25:02.452330;Isadora#7798;//gaal 1 0 1 3 0 1 -9 0 -2 -10 -1 1 -2 0 -1 1;Enviado o print da Q4 para a pessoa
2021-08-26 23:25:06.510604;tchel1n#6051;//gaal 1 2 0 2 -6 -2 2 4 3 -1 -1 3 1 -2 1 1;[[2, 0, 2]]
2021-08-26 23:25:07.611547;tchel1n#6051;//gaal 1 2 0 2 -6 -2 2 4 3 -1 -1 3 1 -2 1 1;Enviado o print da Q4 para a pessoa
2021-08-26 23:25:11.762414;Willian#5050;//gaal 1 1 2 1 4 5 2 3 3 1 0 3 2 3 1 0;[[3, 1, 0]]
2021-08-26 23:25:17.346927;Willian#5050;//gaal 1 1 2 1 4 5 2 3 3 1 0 3 2 3 1 0;Enviado o print da Q4 para a pessoa
2021-08-26 23:25:34.148168;alexj#5542;//gaal 1 0 2 2 1 1 0 -1 2 5 -1 0 3 -1 1 -2;[]
2021-08-26 23:25:42.104274;alexj#5542;//gaal 1 0 2 2 1 1 0 -1 2 5 -1 0 3 -1 1 -2;Enviado o print da Q4 para a pessoa
2021-08-26 23:25:46.484374;D_Chagas11#3015;//gaal 1 2 0 3 -2 0 3 0 0 4 2 0 1 -1 2 -2;[[-1, 2, -2]]
2021-08-26 23:25:46.650275;davinicius#1006;//gaal 2;Enviado o print da Q2 para a pessoa
2021-08-26 23:25:47.633382;D_Chagas11#3015;//gaal 1 2 0 3 -2 0 3 0 0 4 2 0 1 -1 2 -2;Enviado o print da Q4 para a pessoa
2021-08-26 23:26:02.456573;Júlio#6351;//gaal 1 0 2 2 0 1 3 0 8 12 0 0 8 1 1 1;[[1, 1, 1]]
2021-08-26 23:26:02.638769;Gomes#8311;//gaal 5;Enviado o print da Q5 para a pessoa
2021-08-26 23:26:05.390905;Júlio#6351;//gaal 1 0 2 2 0 1 3 0 8 12 0 0 8 1 1 1;Enviado o print da Q4 para a pessoa
2021-08-26 23:26:07.610584;D_Chagas11#3015;//gaal 2 2 0 3 -2 0 3 0 0 4 2 0 1 -1 2 -2;Enviado o print da Q2 para a pessoa
2021-08-26 23:26:36.006938;D_Chagas11#3015;//gaal 1 2 0 3 -2 0 3 0 0 4 2 0 1 -1 2 -2;[[-1, 2, -2]]
2021-08-26 23:26:37.051636;D_Chagas11#3015;//gaal 1 2 0 3 -2 0 3 0 0 4 2 0 1 -1 2 -2;Enviado o print da Q4 para a pessoa
2021-08-26 23:26:39.739726;Victor Lambert#1506;//gaal 1;Mandou o exemplo
2021-08-26 23:26:40.332808;!pedroauharek#6355;//gaal 1 12 -7 0 -4 3 -8 0 1 -2 3 -2 3 -2 1 2;[[0, 1, -2]]
2021-08-26 23:26:44.444453;!pedroauharek#6355;//gaal 1 12 -7 0 -4 3 -8 0 1 -2 3 -2 3 -2 1 2;Enviado o print da Q4 para a pessoa
2021-08-26 23:26:58.926753;Michelle M.#8442;//GAAL 4;Enviado o print da Q4 para a pessoa
2021-08-26 23:27:07.977480;Victor Lambert#1506;//gaal 1 2 2 1 3 1 2 14 11 10 -8 -5 -7 2 1 2;[[3, 1, 2]]
2021-08-26 23:27:12.712605;Victor Lambert#1506;//gaal 1 2 2 1 3 1 2 14 11 10 -8 -5 -7 2 1 2;Enviado o print da Q4 para a pessoa
2021-08-26 23:27:12.750287;Isadora#7798;//gaal 2;Enviado o print da Q2 para a pessoa
2021-08-26 23:27:23.892784;Joãozin#7667;//gaal 5;Enviado o print da Q5 para a pessoa
2021-08-26 23:27:36.055322;Pablo Augusto#1308;//gaal 4;Enviado o print da Q4 para a pessoa
2021-08-26 23:27:45.407740;alexj#5542;//gaal 1 0 2 2 1 1 0 -1 2 5 -1 0 3 1 1 -2;[[1, 1, 0]]
2021-08-26 23:27:46.980508;alexj#5542;//gaal 1 0 2 2 1 1 0 -1 2 5 -1 0 3 1 1 -2;Enviado o print da Q4 para a pessoa
2021-08-26 23:27:57.286053;tchel1n#6051;//gaal 3;Enviado o print da Q3 para a pessoa
2021-08-26 23:28:05.924109;Moongalt#6449;//gaal 1 4 -5 5 0 1 -1 0 3 -1 4 16 -2 2 2 1;[[0, 1, -1]]
2021-08-26 23:28:07.043135;Moongalt#6449;//gaal 1 4 -5 5 0 1 -1 0 3 -1 4 16 -2 2 2 1;Enviado o print da Q4 para a pessoa
2021-08-26 23:28:08.565833;Victor Lambert#1506;//gaal 1 2 2 1 3 1 2 14 11 10 -8 -5 -7 2 1 2;[[3, 1, 2]]
2021-08-26 23:28:09.858557;Victor Lambert#1506;//gaal 1 2 2 1 3 1 2 14 11 10 -8 -5 -7 2 1 2;Enviado o print da Q4 para a pessoa
2021-08-26 23:28:21.309102;alexj#5542;//gaal 2;Enviado o print da Q2 para a pessoa
2021-08-26 23:28:25.149084;Victor Lambert#1506;//gaal 5;Enviado o print da Q5 para a pessoa
2021-08-26 23:28:43.843306;lDarkChico#5873;//gaal 2 1 6 4 1 -1 9 4 0 4 -3 2 3 -2 6 2 0;Enviado o print da Q2 para a pessoa
2021-08-26 23:29:32.410417;tchel1n#6051;//gaal 4;Enviado o print da Q4 para a pessoa
2021-08-26 23:30:34.821753;Lucas Teixeira#5042;//Gaal 1;Mandou o exemplo
2021-08-26 23:31:00.262884;Gomes#8311;//gaal 2;Enviado o print da Q2 para a pessoa
2021-08-26 23:31:59.346775;Joãozin#7667;//gaal 5;Enviado o print da Q5 para a pessoa
2021-08-26 23:32:07.410438;Pablo Augusto#1308;//gaal 4;Enviado o print da Q4 para a pessoa
2021-08-26 23:32:13.912514;Moongalt#6449;//gaal 2 0 0 0 1 -2 -2 5 1 -2 2 -1 0 4 0 -4 -2;Enviado o print da Q2 para a pessoa
2021-08-26 23:32:20.057148;yMari890#1940;//gaal 1 0 3 0 1 -1 1 3 -1 1 9 -12 3 -9 0 -3;[[1, -1, 1]]
2021-08-26 23:32:21.956251;yMari890#1940;//gaal 1 0 3 0 1 -1 1 3 -1 1 9 -12 3 -9 0 -3;Enviado o print da Q4 para a pessoa
2021-08-26 23:32:34.006885;Michelle M.#8442;//GAAL 4;Enviado o print da Q4 para a pessoa
2021-08-26 23:32:39.337901;alexj#5542;//gaal 2;Enviado o print da Q2 para a pessoa
2021-08-26 23:33:08.167140;feliciano#9519;//gaal 1 -6 1 0 -2 0 0 2 -1 3 -1 4 3 0 2 -1 0;Mandou o exemplo
2021-08-26 23:33:25.156589;Lucas Teixeira#5042;//gaal 1 -2 2 1 -6 14 8 2 0 1 4 -12 -7 1 3 2;[[2, 0, 1]]
2021-08-26 23:33:25.941285;Lucas Teixeira#5042;//gaal 1 -2 2 1 -6 14 8 2 0 1 4 -12 -7 1 3 2;Enviado o print da Q4 para a pessoa
2021-08-26 23:34:09.948053;MP022#7738;//gaal 5;Enviado o print da Q5 para a pessoa
2021-08-26 23:34:14.511922;emy uanirouse#0158;//gaal 1 0 -2 2 -2 2 1 -1 -4 5 1 0 -1 4 -8 4;[[-2, 2, 1]]
2021-08-26 23:34:15.543535;emy uanirouse#0158;//gaal 1 0 -2 2 -2 2 1 -1 -4 5 1 0 -1 4 -8 4;Enviado o print da Q4 para a pessoa
2021-08-26 23:34:33.506220;feliciano#9519;//gaal  1 -6 1 0  -2 0 0  2 -1 3  -1 4 3 0  2 -1 0;Mandou o exemplo
2021-08-26 23:34:39.168168;Isadora#7798;//gaal 3;Enviado o print da Q3 para a pessoa
2021-08-26 23:34:48.596745;kellymol#9631;//gaal 1 1 2 2 0 4 3 2 0 1 -2 -2 0 9 6 9;[[-2, -2, 0]]
2021-08-26 23:34:49.895652;Braunie-chan#7667;//gaal 1 0 1 3 0 1 -9 0 -2 -10 -1 1 -2 0 -1 1;[[-1, 1, -2]]
2021-08-26 23:34:50.240202;kellymol#9631;//gaal 1 1 2 2 0 4 3 2 0 1 -2 -2 0 9 6 9;Enviado o print da Q4 para a pessoa
2021-08-26 23:34:50.969321;Braunie-chan#7667;//gaal 1 0 1 3 0 1 -9 0 -2 -10 -1 1 -2 0 -1 1;Enviado o print da Q4 para a pessoa
2021-08-26 23:34:56.754150;lDarkChico#5873;//gaal 3;Enviado o print da Q3 para a pessoa
2021-08-26 23:34:57.125941;Gabe_I#9463;//pix;Enviou o numero do pix!
2021-08-26 23:35:13.544460;feliciano#9519;//gaal 1 -6 1 0 -2 0 0 2 -1 3 -1 4 3 0 2 -1 0;Mandou o exemplo
2021-08-26 23:35:16.864008;emy uanirouse#0158;//gaal 2;Enviado o print da Q2 para a pessoa
2021-08-26 23:35:36.291743;Lucas Teixeira#5042;//gaal 2 1 -2 -4 -1 10 3 4 12 -6 -10 -8 -8 4 0 -5 0;Enviado o print da Q2 para a pessoa
2021-08-26 23:35:59.925518;Joel Carlos#3181;//gaal 1 3 1 1 -2 -4 -4 -9 2 2 -2 1 1 0 2 -2;[[0, 2, -2]]
2021-08-26 23:36:01.602906;Joel Carlos#3181;//gaal 1 3 1 1 -2 -4 -4 -9 2 2 -2 1 1 0 2 -2;Enviado o print da Q4 para a pessoa
2021-08-26 23:36:19.908580;kellymol#9631;//gaal 2;Enviado o print da Q2 para a pessoa
2021-08-26 23:36:32.761865;Pendragon 2#9580;//gaal 1 2 1 3 10 6 4 3 2 -1 -3 -3 12 3 1 1;[[3, 1, 1]]
2021-08-26 23:36:34.169717;Pendragon 2#9580;//gaal 1 2 1 3 10 6 4 3 2 -1 -3 -3 12 3 1 1;Enviado o print da Q4 para a pessoa
2021-08-26 23:38:15.987982;alexj#5542;//gaal 3;Enviado o print da Q3 para a pessoa
2021-08-26 23:38:24.835911;Álvaro#2997;//gaal 4;Enviado o print da Q4 para a pessoa
2021-08-26 23:38:58.323600;kellymol#9631;//gaal 3;Enviado o print da Q3 para a pessoa
2021-08-26 23:38:58.862898;Isadora#7798;//gaal 3;Enviado o print da Q3 para a pessoa
2021-08-26 23:39:00.255413;davinicius#1006;//gaal 5;Enviado o print da Q5 para a pessoa
2021-08-26 23:39:30.128543;Braunie-chan#7667;//gaal 5;Enviado o print da Q5 para a pessoa
2021-08-26 23:39:38.517970;feliciano#9519;//gaal 1 -6 1 0 -2 0 0 2 -1 3 -14 3 0 2 -1 0;[[2, -1, 3]]
2021-08-26 23:39:44.505894;feliciano#9519;//gaal 1 -6 1 0 -2 0 0 2 -1 3 -14 3 0 2 -1 0;Enviado o print da Q4 para a pessoa
2021-08-26 23:40:37.356017;emy uanirouse#0158;//gaal 2;Enviado o print da Q2 para a pessoa
2021-08-26 23:40:58.858769;Lucas Teixeira#5042;//gaal 3;Enviado o print da Q3 para a pessoa
2021-08-26 23:41:09.209187;emy uanirouse#0158;//gaal 3;Enviado o print da Q3 para a pessoa
2021-08-26 23:41:20.095160;JliaMaia388#8331;//gaal 4;Enviado o print da Q4 para a pessoa
2021-08-26 23:41:28.815981;João Francisco#0935;//gaal 4;Enviado o print da Q4 para a pessoa
2021-08-26 23:41:38.338583;gustavo_thz#1177;//gaal 1 -2 0 3 0 3 3 0 2 1 0 -2 -4 0 10 11;[[-2, 0, 3]]
2021-08-26 23:41:38.715953;amarocy#5495;//gaal 1 -6 0 5 0 0 1 0 3 -2 -4 0 5 -2 0 1;[[0, 3, -2]]
2021-08-26 23:41:39.476918;davinicius#1006;//gaal 3;Enviado o print da Q3 para a pessoa
2021-08-26 23:41:41.708596;kellymol#9631;//gaal 5;Enviado o print da Q5 para a pessoa
2021-08-26 23:41:44.729905;gustavo_thz#1177;//gaal 1 -2 0 3 0 3 3 0 2 1 0 -2 -4 0 10 11;Enviado o print da Q4 para a pessoa
2021-08-26 23:41:45.673769;amarocy#5495;//gaal 1 -6 0 5 0 0 1 0 3 -2 -4 0 5 -2 0 1;Enviado o print da Q4 para a pessoa
2021-08-26 23:41:52.453660;lDarkChico#5873;//gaal 3;Enviado o print da Q3 para a pessoa
2021-08-26 23:43:09.354120;amarocy#5495;//gaal 1 -6 0 5 0 0 1 0 3 -2 -4 0 5 -2 0 1;[[0, 3, -2]]
2021-08-26 23:43:15.545816;gustavo_thz#1177;//gaal 2;Enviado o print da Q2 para a pessoa
2021-08-26 23:43:15.567552;amarocy#5495;//gaal 1 -6 0 5 0 0 1 0 3 -2 -4 0 5 -2 0 1;Enviado o print da Q4 para a pessoa
2021-08-26 23:44:31.136899;luisacerqueira#6131;//gaal 2;Enviado o print da Q2 para a pessoa
2021-08-26 23:44:36.586482;Giovana Roma#6301;//gaal 4;Enviado o print da Q4 para a pessoa
2021-08-26 23:45:00.849810;riE00#7865;//gaal 1;Mandou o exemplo
2021-08-26 23:45:13.483244;luisacerqueira#6131;//gaal 1;Mandou o exemplo
2021-08-26 23:45:27.343848;Lucas Teixeira#5042;//gaal 3;Enviado o print da Q3 para a pessoa
2021-08-26 23:45:38.383720;davinicius#1006;//gaal 4;Enviado o print da Q4 para a pessoa
2021-08-26 23:45:38.783507;emy uanirouse#0158;//gaal 4;Enviado o print da Q4 para a pessoa
2021-08-26 23:46:01.511867;Amanda K#6936;//gaal 1 -2 1 -1 1 1 1 4 -5 1 8 2 6 -1 1 1;[[-1, 1, 1]]
2021-08-26 23:46:02.835837;Amanda K#6936;//gaal 1 -2 1 -1 1 1 1 4 -5 1 8 2 6 -1 1 1;Enviado o print da Q4 para a pessoa
2021-08-26 23:46:17.565484;riE00#7865;//gaal 1 -3 -9 3 0 2 1 0 0 2 1 1 -2 2 -4 -7;[[0, 0, 2]]
2021-08-26 23:46:21.463825;riE00#7865;//gaal 1 -3 -9 3 0 2 1 0 0 2 1 1 -2 2 -4 -7;Enviado o print da Q4 para a pessoa
2021-08-26 23:46:28.276990;João Francisco#0935;//gaal 4;Enviado o print da Q4 para a pessoa
2021-08-26 23:46:40.539012;Lukete#4750;//gaal 1;Mandou o exemplo
2021-08-26 23:46:45.003221;alexj#5542;//gaal 2;Enviado o print da Q2 para a pessoa
2021-08-26 23:46:45.769878;emy uanirouse#0158;//gaal 3;Enviado o print da Q3 para a pessoa
2021-08-26 23:46:59.137652;hutner700#5080;//ola;Olá @hutner700#5080!
2021-08-26 23:47:12.041005;alexj#5542;//gaal 3;Enviado o print da Q3 para a pessoa
2021-08-26 23:47:13.248652;lDarkChico#5873;//gaal 4;Enviado o print da Q4 para a pessoa
2021-08-26 23:47:15.712903;Amanda K#6936;//gaal 2;Enviado o print da Q2 para a pessoa
2021-08-26 23:47:25.801618;Lukete#4750;//gaal 1 2 9 9 0 2 0 1 3 0 0 1 3 -2 -8 -6;[[0, 2, 0]]
2021-08-26 23:47:28.655634;Marcello Henrique#6942;//gaal 1 1 1 2 2 1 1 3 0 -2 -5 2 8 14 4 0;[[1, 1, 2]]
2021-08-26 23:47:30.139777;Marcello Henrique#6942;//gaal 1 1 1 2 2 1 1 3 0 -2 -5 2 8 14 4 0;Enviado o print da Q4 para a pessoa
2021-08-26 23:47:30.694605;Lukete#4750;//gaal 1 2 9 9 0 2 0 1 3 0 0 1 3 -2 -8 -6;Enviado o print da Q4 para a pessoa
2021-08-26 23:47:51.468812;Guilherme20#6751;//gaal 1 0 -6 -9 1 2 0 -1 0 3 0 2 0 7 8 -9;[[0, 2, 0]]
2021-08-26 23:47:52.753264;Guilherme20#6751;//gaal 1 0 -6 -9 1 2 0 -1 0 3 0 2 0 7 8 -9;Enviado o print da Q4 para a pessoa
2021-08-26 23:48:16.944257;Lukete#4750;//gaal 2;Enviado o print da Q2 para a pessoa
2021-08-26 23:48:28.602629;Thoretu#4736;//gaal 1 -11 -5 -5 5 -1 8 3 1 2 2 2 -1 1 2 1;[[1, 2, 1]]
2021-08-26 23:48:33.948792;Thoretu#4736;//gaal 1 -11 -5 -5 5 -1 8 3 1 2 2 2 -1 1 2 1;Enviado o print da Q4 para a pessoa
2021-08-26 23:49:00.212898;Álvaro#2997;//gaal 1 -7 3 10  1 -1 -2  -5 1 6 -2 0 2 0 2 0;Mandou o exemplo
2021-08-26 23:49:22.921186;gustavo_thz#1177;//gaal 3;Enviado o print da Q3 para a pessoa
2021-08-26 23:49:50.056157;Isadora#7798;//gaal 5;Enviado o print da Q5 para a pessoa
2021-08-26 23:50:08.631275;Lucas Teixeira#5042;//gaal 4;Enviado o print da Q4 para a pessoa
2021-08-26 23:50:53.217501;luisacerqueira#6131;//gaal 2 1 2 5 5 5 1 -2 1 -8 1 -8 2 3 3;Enviado o print da Q2 para a pessoa
2021-08-26 23:50:55.647853;vitoriaandrade3#0246;//gaal 1 2 -1 1  1 3 -2 3 3 2 3 -5 4 9 6 -3;Mandou o exemplo
2021-08-26 23:50:58.075181;Amanda K#6936;//gaal 3;Enviado o print da Q3 para a pessoa
2021-08-26 23:51:20.871690;Álvaro#2997;//gaal 1 -7 3 10 1 -1 -2 -5 1 6 -2 0 2 0 2 0;[[0, 2, 0]]
2021-08-26 23:51:22.094848;Álvaro#2997;//gaal 1 -7 3 10 1 -1 -2 -5 1 6 -2 0 2 0 2 0;Enviado o print da Q4 para a pessoa
2021-08-26 23:51:33.450326;lDarkChico#5873;//gaal 4;Enviado o print da Q4 para a pessoa
2021-08-26 23:51:37.092772;matheusnoca#5807;//gaal 1 2 2 0 1 0 2 8 9 4 6 6 4 2 3 0;[[2, 2, 0]]
2021-08-26 23:51:37.279316;alexj#5542;//gaal 4;Enviado o print da Q4 para a pessoa
2021-08-26 23:51:38.464850;matheusnoca#5807;//gaal 1 2 2 0 1 0 2 8 9 4 6 6 4 2 3 0;Enviado o print da Q4 para a pessoa
2021-08-26 23:51:52.218543;Lukete#4750;//gaal 3;Enviado o print da Q3 para a pessoa
2021-08-26 23:51:59.780987;Gabriela Rocha#5578;//gaal 4;Enviado o print da Q4 para a pessoa
2021-08-26 23:52:22.379292;luisacerqueira#6131;//gaal 2 1 2 5 5 5 1 -2 1 -8 1 -8 2 3 3;Enviado o print da Q2 para a pessoa
2021-08-26 23:52:49.780289;riE00#7865;//gaal 2;Enviado o print da Q2 para a pessoa
2021-08-26 23:53:15.563123;Victor Lambert#1506;//gaal 2;Enviado o print da Q2 para a pessoa
2021-08-26 23:53:28.797490;Lukete#4750;//gaal 5;Enviado o print da Q5 para a pessoa
2021-08-26 23:53:30.817527;emy uanirouse#0158;//gaal 3;Enviado o print da Q3 para a pessoa
2021-08-26 23:53:43.294393;Lukete#4750;//gaal 4;Enviado o print da Q4 para a pessoa
2021-08-26 23:53:56.367227;Álvaro#2997;//gaal 2;Enviado o print da Q2 para a pessoa
2021-08-26 23:54:19.416654;Lucas Teixeira#5042;//gaal 4;Enviado o print da Q4 para a pessoa
2021-08-26 23:54:25.678879;vitoriaandrade3#0246;//gaal 1 2 -1 1 1 3 -2 3 3 2 3 -5 4 9 6 -3;[[3, 3, 2]]
2021-08-26 23:54:27.039470;vitoriaandrade3#0246;//gaal 1 2 -1 1 1 3 -2 3 3 2 3 -5 4 9 6 -3;Enviado o print da Q4 para a pessoa
2021-08-26 23:55:11.267101;vitoriaandrade3#0246;//gaal 2;Enviado o print da Q2 para a pessoa
2021-08-26 23:55:34.616577;Amanda K#6936;//gaal 4;Enviado o print da Q4 para a pessoa
2021-08-26 23:55:38.603033;LynxOrion42#2945;//gaal 1 -2 1 0 4 -1 0 -2 0 0 0 1 1 -1 1 0;[[0, 1, 1]]
2021-08-26 23:55:39.608881;LynxOrion42#2945;//gaal 1 -2 1 0 4 -1 0 -2 0 0 0 1 1 -1 1 0;Enviado o print da Q4 para a pessoa
2021-08-26 23:55:56.808114;Pendragon 2#9580;//gaal 2 -4 -4 2 4 10 13 4 -4 4 6 4 0 6 8 3 -2;Enviado o print da Q2 para a pessoa
2021-08-26 23:56:09.236929;rodrigodc1707#5897;//gaal 1 11 -3 1 1 -1 0 1 3 3 3 0 1 11 6 9;[[1, -1, 0]]
2021-08-26 23:56:15.305089;rodrigodc1707#5897;//gaal 1 11 -3 1 1 -1 0 1 3 3 3 0 1 11 6 9;Enviado o print da Q4 para a pessoa
2021-08-26 23:56:31.651578;riE00#7865;//gaal 3;Enviado o print da Q3 para a pessoa
2021-08-26 23:56:50.112848;Jálida Silva#8945;//gaal 1 1 1 0 1 -1 2 -1 4 -5 1 -2 3 0 2 -1;[[0, 2, -1]]
2021-08-26 23:56:51.160404;Jálida Silva#8945;//gaal 1 1 1 0 1 -1 2 -1 4 -5 1 -2 3 0 2 -1;Enviado o print da Q4 para a pessoa
2021-08-26 23:57:00.894563;alexj#5542;//gaal 5;Enviado o print da Q5 para a pessoa
2021-08-26 23:57:03.203354;luisacerqueira#6131;//gaal 2;Enviado o print da Q2 para a pessoa
2021-08-26 23:57:06.770397;lDarkChico#5873;//gaal 4;Enviado o print da Q4 para a pessoa
2021-08-26 23:57:27.805823;Victor Lambert#1506;//gaal 2;Enviado o print da Q2 para a pessoa
2021-08-26 23:58:48.570537;12mathgamer12#0221;//gaal 1 11 1 -3 1 3 -1 10 -2 -2 2 -2 0 0 2 1;[[0, 2, 1]]
2021-08-26 23:58:53.926210;12mathgamer12#0221;//gaal 1 11 1 -3 1 3 -1 10 -2 -2 2 -2 0 0 2 1;Enviado o print da Q4 para a pessoa
2021-08-26 23:58:56.855896;Lucas Teixeira#5042;//Gaal 4;Enviado o print da Q4 para a pessoa
2021-08-26 23:59:21.726295;vitoriaandrade3#0246;//gaal 3;Enviado o print da Q3 para a pessoa
2021-08-26 23:59:44.475511;riE00#7865;//gaal 4;Enviado o print da Q4 para a pessoa
2021-08-26 23:59:48.642481;luisacerqueira#6131;//gaal 1;Mandou o exemplo
2021-08-27 00:00:30.222248;luisacerqueira#6131;//gaal 1 2 1 2 5 5 5 1 -2 1 -8 1 -8 2 3 3;[[2, 3, 3]]
2021-08-27 00:00:31.523315;luisacerqueira#6131;//gaal 1 2 1 2 5 5 5 1 -2 1 -8 1 -8 2 3 3;Enviado o print da Q4 para a pessoa
2021-08-27 00:01:13.714551;emy uanirouse#0158;//gaal 5;Enviado o print da Q5 para a pessoa
2021-08-27 00:02:03.176287;amarocy#5495;//gaal 1 1 1 0 1 -1 2 -1 4 -5 1 -2 3 0 2 -1;[[0, 2, -1]]
2021-08-27 00:02:04.138362;amarocy#5495;//gaal 1 1 1 0 1 -1 2 -1 4 -5 1 -2 3 0 2 -1;Enviado o print da Q4 para a pessoa
2021-08-27 00:02:32.556982;luisacerqueira#6131;//gaal 3;Enviado o print da Q3 para a pessoa
2021-08-27 00:02:43.308135;lDarkChico#5873;//gaal 4;Enviado o print da Q4 para a pessoa
2021-08-27 00:03:14.645357;Victor Lambert#1506;//gaal 3;Enviado o print da Q3 para a pessoa
2021-08-27 00:03:30.633909;Moongalt#6449;//gaal 2 0 0 0 1 -2 -2 5 1 -2 2 -1 0 4 0 -4 -2;Enviado o print da Q2 para a pessoa
2021-08-27 00:03:37.172782;vitoriaandrade3#0246;//gaal 3;Enviado o print da Q3 para a pessoa
2021-08-27 00:03:39.806861;Lucas Teixeira#5042;//gaal 5;Enviado o print da Q5 para a pessoa
2021-08-27 00:03:52.784350;Amanda Melo#4743;//gaal 1;Mandou o exemplo
2021-08-27 00:04:05.119584;rodrigodc1707#5897;//gaal 2 1 5 -3 3 5 9 -1 7 1 3 -2 2 1 1 1 1;Enviado o print da Q2 para a pessoa
2021-08-27 00:04:44.467325;Henrique Álvares#7105;//gaal 1 0 1 2 2 10 1 1 2 -1 0 2 1 4 4 -6;[[0, 1, 2]]
2021-08-27 00:04:45.696016;Henrique Álvares#7105;//gaal 1 0 1 2 2 10 1 1 2 -1 0 2 1 4 4 -6;Enviado o print da Q4 para a pessoa
2021-08-27 00:04:50.625745;Moongalt#6449;//gaal 3;Enviado o print da Q3 para a pessoa
2021-08-27 00:05:09.125513;Álvaro#2997;//gaal 3;Enviado o print da Q3 para a pessoa
2021-08-27 00:05:37.746272;fdpinho#1871;//gaal 1;Mandou o exemplo
2021-08-27 00:06:16.662988;luisacerqueira#6131;//gaal 4;Enviado o print da Q4 para a pessoa
2021-08-27 00:06:35.770604;Igor_LFG#4579;//gaal 1 1 0 1 -11 2 -3 3 -1 0 2 1 3 -2 4 6;[[1, 0, 1]]
2021-08-27 00:06:37.234353;Igor_LFG#4579;//gaal 1 1 0 1 -11 2 -3 3 -1 0 2 1 3 -2 4 6;Enviado o print da Q4 para a pessoa
2021-08-27 00:06:46.597381;juao#8175;//gaal 1 2 1 2 3 1 1 14 6 10 1 3 2 1 1 3;[[1, 3, 2]]
2021-08-27 00:06:47.771967;juao#8175;//gaal 1 2 1 2 3 1 1 14 6 10 1 3 2 1 1 3;Enviado o print da Q4 para a pessoa
2021-08-27 00:07:01.152369;Amanda K#6936;//gaal 4;Enviado o print da Q4 para a pessoa
2021-08-27 00:07:28.604386;juao#8175;//gaal 2;Enviado o print da Q2 para a pessoa
2021-08-27 00:07:36.364095;cesaraca#1839;//gaal 1 3 1 2 2 1 1 -1 0 1 -7 -1 2 7 2 3;[[2, 1, 1]]
2021-08-27 00:07:40.600503;cesaraca#1839;//gaal 1 3 1 2 2 1 1 -1 0 1 -7 -1 2 7 2 3;Enviado o print da Q4 para a pessoa
2021-08-27 00:08:01.834366;DuduTheBrabo#0762;//gaal 1 2 3 1 0 2 1 1 0 -2 -2 -9 -11 1 6 8;[[0, 2, 1]]
2021-08-27 00:08:08.109505;DuduTheBrabo#0762;//gaal 1 2 3 1 0 2 1 1 0 -2 -2 -9 -11 1 6 8;Enviado o print da Q4 para a pessoa
2021-08-27 00:08:13.084195;nouseln#6028;//gaal 1;Mandou o exemplo
2021-08-27 00:08:16.144276;Victor Lambert#1506;//codigoFonte;Enviou o Cerebro!
2021-08-27 00:08:31.481841;bcdm21#7411;//gaal 1;Mandou o exemplo
2021-08-27 00:08:55.022501;Igor_LFG#4579;//gaal 2 3 0 6 7 8 2 6 8 7 3 4 5 7 1 6;Enviado o print da Q2 para a pessoa
2021-08-27 00:09:00.425117;DuduTheBrabo#0762;//gaal 2;Enviado o print da Q2 para a pessoa
2021-08-27 00:09:21.001258;fdpinho#1871;//gaal 1 -2 2 0 6 2 0 2 0 0 1 0 1 0 1 0;[[1, 0, 1]]
2021-08-27 00:09:22.257811;fdpinho#1871;//gaal 1 -2 2 0 6 2 0 2 0 0 1 0 1 0 1 0;Enviado o print da Q4 para a pessoa
2021-08-27 00:09:27.530152;Victor Lambert#1506;//gaal 3;Enviado o print da Q3 para a pessoa
2021-08-27 00:09:36.168506;alexj#5542;//gaal 4;Enviado o print da Q4 para a pessoa
2021-08-27 00:09:45.709039;nouseln#6028;//gaal 1 3 1 2 2 1 1 -1 0 1 -7 -1 2 7 2 3;[[2, 1, 1]]
2021-08-27 00:09:46.922274;nouseln#6028;//gaal 1 3 1 2 2 1 1 -1 0 1 -7 -1 2 7 2 3;Enviado o print da Q4 para a pessoa
2021-08-27 00:10:00.846884;ell.ecs#6190;//gaal 1 -2 -2 1 1 2 -2 8 4 2 0 0 3 1 0 1;[[0, 0, 3]]
2021-08-27 00:10:02.409226;ell.ecs#6190;//gaal 1 -2 -2 1 1 2 -2 8 4 2 0 0 3 1 0 1;Enviado o print da Q4 para a pessoa
2021-08-27 00:10:15.140916;Amanda Melo#4743;//gaal 1 3 2 0 -12 -12 -3 1 2 1 1 -2 0 9 10 3;[[1, -2, 0]]
2021-08-27 00:10:16.326418;Amanda Melo#4743;//gaal 1 3 2 0 -12 -12 -3 1 2 1 1 -2 0 9 10 3;Enviado o print da Q4 para a pessoa
2021-08-27 00:10:26.467648;luisacerqueira#6131;//gaal 5;Enviado o print da Q5 para a pessoa
2021-08-27 00:10:55.555591;ell.ecs#6190;//gaal 1 -2 -2 1 1 2 -2 8 4 2 0 0 3 1 0 1;[[0, 0, 3]]
2021-08-27 00:10:56.640810;ell.ecs#6190;//gaal 1 -2 -2 1 1 2 -2 8 4 2 0 0 3 1 0 1;Enviado o print da Q4 para a pessoa
2021-08-27 00:11:43.409981;Moongalt#6449;//gaal 4;Enviado o print da Q4 para a pessoa
2021-08-27 00:11:56.894811;Henrique Álvares#7105;//gaal 2 0 0 -1 1 -2 -4 1 -1 1 2 1 -1 1 2 -2 2;Enviado o print da Q2 para a pessoa
2021-08-27 00:12:03.236027;dr. auzio varella#9256;//gaal 1 0 0 -1 -4 0 -4 -4 0 -3 0 1 0 2 0 3;[[0, 1, 0]]
2021-08-27 00:12:04.445698;dr. auzio varella#9256;//gaal 1 0 0 -1 -4 0 -4 -4 0 -3 0 1 0 2 0 3;Enviado o print da Q4 para a pessoa
2021-08-27 00:12:46.187101;Álvaro#2997;//gaal 5;Enviado o print da Q5 para a pessoa
2021-08-27 00:12:53.593984;lDarkChico#5873;//gaal 5;Enviado o print da Q5 para a pessoa
2021-08-27 00:12:55.248724;bcdm21#7411;//gaal 1 11 -3 1 1 -1 0 1 3 3 3 0 1 11 6 9;[[1, -1, 0]]
2021-08-27 00:12:56.848498;bcdm21#7411;//gaal 1 11 -3 1 1 -1 0 1 3 3 3 0 1 11 6 9;Enviado o print da Q4 para a pessoa
2021-08-27 00:13:07.884790;juao#8175;//gaal 3;Enviado o print da Q3 para a pessoa
2021-08-27 00:13:09.308094;dr. auzio varella#9256;//gaal 2;Enviado o print da Q2 para a pessoa
2021-08-27 00:13:20.394669;Amanda Melo#4743;//gaal 2;Enviado o print da Q2 para a pessoa
2021-08-27 00:13:36.816677;nouseln#6028;//gaal 2 2 2 2 6 4 6 4 6 4 4 0 6 1 0 -1 3;Enviado o print da Q2 para a pessoa
2021-08-27 00:13:43.973416;Mirii#3695;//gaal 1 2 0 3 2 2 -1 0 -6 12 -4 -2 -2 -2 0 2;[[-2, 0, 2]]
2021-08-27 00:13:48.721194;Mirii#3695;//gaal 1 2 0 3 2 2 -1 0 -6 12 -4 -2 -2 -2 0 2;Enviado o print da Q4 para a pessoa
2021-08-27 00:13:54.860272;Victor Lambert#1506;//gaal 3;Enviado o print da Q3 para a pessoa
2021-08-27 00:14:16.197528;bcdm21#7411;//gaal 2;Enviado o print da Q2 para a pessoa
2021-08-27 00:14:16.677262;alexj#5542;//gaal 4;Enviado o print da Q4 para a pessoa
2021-08-27 00:14:49.091785;alexj#5542;//gaal 4;Enviado o print da Q4 para a pessoa
2021-08-27 00:15:07.556670;Jhonata#0001;//gaal 1 -2 8 12 6 6 -6 1 2 0 0 0 -2 -1 1 3;[[0, 0, -2]]
2021-08-27 00:15:08.864929;Jhonata#0001;//gaal 1 -2 8 12 6 6 -6 1 2 0 0 0 -2 -1 1 3;Enviado o print da Q4 para a pessoa
2021-08-27 00:15:14.081962;Lucas Teixeira#5042;//gaal 5;Enviado o print da Q5 para a pessoa
2021-08-27 00:15:55.519668;rodrigodc1707#5897;//gaal 4;Enviado o print da Q4 para a pessoa
2021-08-27 00:16:13.078930;12mathgamer12#0221;//gaal 2;Enviado o print da Q2 para a pessoa
2021-08-27 00:16:22.329306;JuliaL#5406;//gaal 1 2 2 1 1 2 3 -1 2 -1 5 -2 9 -5 -2 -11;[[2, 2, 1]]
2021-08-27 00:16:23.489911;JuliaL#5406;//gaal 1 2 2 1 1 2 3 -1 2 -1 5 -2 9 -5 -2 -11;Enviado o print da Q4 para a pessoa
2021-08-27 00:16:34.899535;nouseln#6028;//gaal 3;Enviado o print da Q3 para a pessoa
2021-08-27 00:16:47.164300;Jhonata#0001;//gaal 2 1 -5 1 4 -5 6 1 4 -3 6 1 0 -1 4 3 5;Enviado o print da Q2 para a pessoa
2021-08-27 00:17:18.262509;bcdm21#7411;//gaal 3;Enviado o print da Q3 para a pessoa
2021-08-27 00:17:19.946412;alanzzin_139#7797;//gaal 1 1 0 2 2 2 3 14 8 9 2 8 15 -2 0 1;[[1, 0, 2]]
2021-08-27 00:17:21.228767;alanzzin_139#7797;//gaal 1 1 0 2 2 2 3 14 8 9 2 8 15 -2 0 1;Enviado o print da Q4 para a pessoa
2021-08-27 00:17:28.641973;juao#8175;//gaal 4;Enviado o print da Q4 para a pessoa
2021-08-27 00:19:15.151114;alexj#5542;//gaal 4;Enviado o print da Q4 para a pessoa
2021-08-27 00:19:20.296537;cesaraca#1839;//gaal 2;Enviado o print da Q2 para a pessoa
2021-08-27 00:20:44.098400;cesaraca#1839;//gaal 3;Enviado o print da Q3 para a pessoa
2021-08-27 00:20:47.788719;fdpinho#1871;//gaal  1 1 -2 0 1 1 3 -1 0 0 7 4 18;Mandou o exemplo
2021-08-27 00:21:19.826027;dr. auzio varella#9256;//gaal 3;Enviado o print da Q3 para a pessoa
2021-08-27 00:21:41.529105;fdpinho#1871;//gaal  1 1 -2 0 1 1 3 -1 0 0 7 4 18;Mandou o exemplo
2021-08-27 00:21:56.069185;bcdm21#7411;//gaal 4;Enviado o print da Q4 para a pessoa
2021-08-27 00:23:46.128425;12mathgamer12#0221;//gaal 2;Enviado o print da Q2 para a pessoa
2021-08-27 00:23:46.543837;Amanda Melo#4743;//gaal 2;Enviado o print da Q2 para a pessoa
2021-08-27 00:24:06.995712;nouseln#6028;//gaal 4;Enviado o print da Q4 para a pessoa
2021-08-27 00:24:09.704705;emy uanirouse#0158;//gaal 4;Enviado o print da Q4 para a pessoa
2021-08-27 00:24:12.833874;Korinto#1709;//gaal 1;Mandou o exemplo
2021-08-27 00:24:23.959632;Kismet#5114;//gaal 1 2 0 3 -8 9 -3 -2 3 0 4 -9 -3 3 0 2;[[3, 0, 2]]
2021-08-27 00:24:29.704439;Kismet#5114;//gaal 1 2 0 3 -8 9 -3 -2 3 0 4 -9 -3 3 0 2;Enviado o print da Q4 para a pessoa
2021-08-27 00:24:31.478669;andresilveira#3449;//gaal 1 -11 -5 -5 5 -1 8 3 1 2 2 2 -1;Mandou o exemplo
2021-08-27 00:24:55.538839;bcdm21#7411;//gaal 5;Enviado o print da Q5 para a pessoa
2021-08-27 00:24:56.214313;cesaraca#1839;//gaal 3;Enviado o print da Q3 para a pessoa
2021-08-27 00:24:59.968698;Korinto#1709;//gaal 1 -4 10 8 0 2 0 -3 13 6 3 -2 -1 -1 3 2;[[3, -2, -1]]
2021-08-27 00:25:01.353097;Korinto#1709;//gaal 1 -4 10 8 0 2 0 -3 13 6 3 -2 -1 -1 3 2;Enviado o print da Q4 para a pessoa
2021-08-27 00:25:04.492115;DuduTheBrabo#0762;//gaal 4;Enviado o print da Q4 para a pessoa
2021-08-27 00:25:25.090377;12mathgamer12#0221;//gaal 3;Enviado o print da Q3 para a pessoa
2021-08-27 00:25:28.659891;juao#8175;//gaal 4;Enviado o print da Q4 para a pessoa
2021-08-27 00:26:04.418601;alanzzin_139#7797;//gaal 4;Enviado o print da Q4 para a pessoa
2021-08-27 00:26:36.502956;fdpinho#1871;//gaal 1 1 -2 0 1 1 3 -1 0 0 7 4 18 -1 0 -2;[[-1, 0, 0]]
2021-08-27 00:26:37.573514;fdpinho#1871;//gaal 1 1 -2 0 1 1 3 -1 0 0 7 4 18 -1 0 -2;Enviado o print da Q4 para a pessoa
2021-08-27 00:27:15.153909;gustavo silva#9351;//gaal 1 2 0 1 -4 4 -3 -1 -2 0 5 2 2 0 -1 2;[[0, -1, 2]]
2021-08-27 00:27:16.479716;gustavo silva#9351;//gaal 1 2 0 1 -4 4 -3 -1 -2 0 5 2 2 0 -1 2;Enviado o print da Q4 para a pessoa
2021-08-27 00:27:35.871645;Kismet#5114;//gaal 2 4 -4 -6 -4 8 1 4 -5 4 2 0 5 8 4 6 1;Enviado o print da Q2 para a pessoa
2021-08-27 00:27:47.964985;dr. auzio varella#9256;//gaal 4;Enviado o print da Q4 para a pessoa
2021-08-27 00:29:29.982227;Korinto#1709;//gaal 2;Enviado o print da Q2 para a pessoa
2021-08-27 00:29:31.386033;Amanda Melo#4743;//gaal 3;Enviado o print da Q3 para a pessoa
2021-08-27 00:29:38.907660;fdpinho#1871;//gaal 4;Enviado o print da Q4 para a pessoa
2021-08-27 00:29:48.334065;Henrique Álvares#7105;//gaal 3;Enviado o print da Q3 para a pessoa
2021-08-27 00:30:37.914175;Mirella#0218;//Gaal 1 -1 4 4 2 1 0 -3 4 4 1 0 0 0 1 1;Mandou o exemplo
2021-08-27 00:31:26.073541;orezbr#8591;//gaal  1  1 -2  1 -2 0 3 1 -7 1 4 2 4 1 3 1;Mandou o exemplo
2021-08-27 00:32:15.526510;FP KIDWIN#2083;//gaal 1 0 3 2 0 -10 -8 0 -1 -1 0 8 4 3 -1 1;[[3, -1, 1]]
2021-08-27 00:32:16.667151;FP KIDWIN#2083;//gaal 1 0 3 2 0 -10 -8 0 -1 -1 0 8 4 3 -1 1;Enviado o print da Q4 para a pessoa
2021-08-27 00:32:41.133080;orezbr#8591;//gaal  1 1 -2 1 -2 0 3 1 -7 1 4 2 4 1 3 1;Mandou o exemplo
2021-08-27 00:33:27.422993;juao#8175;//gaal 4;Enviado o print da Q4 para a pessoa
2021-08-27 00:33:54.464986;cesaraca#1839;//gaal 4;Enviado o print da Q4 para a pessoa
2021-08-27 00:34:31.198872;FP KIDWIN#2083;//gaal 2 4 8 6 0 2 7 5 2 6 9 7 -2 -4 1 0 6;Enviado o print da Q2 para a pessoa
2021-08-27 00:35:50.569478;alanzzin_139#7797;//gaal 5;Enviado o print da Q5 para a pessoa
2021-08-27 00:35:59.568243;fdpinho#1871;//gaal  5;Enviado o print da Q5 para a pessoa
2021-08-27 00:36:14.946640;garfield#5793;//gaal 1 2 -1 0 -9 -3 3 0 -1 2 3 0 1 -6 1 -4;[[2, -1, 0]]
2021-08-27 00:36:21.015436;garfield#5793;//gaal 1 2 -1 0 -9 -3 3 0 -1 2 3 0 1 -6 1 -4;Enviado o print da Q4 para a pessoa
2021-08-27 00:36:48.769476;juao#8175;//gaal 5;Enviado o print da Q5 para a pessoa
2021-08-27 00:37:12.880938;lorenasv#3683;//gaal 3;Enviado o print da Q3 para a pessoa
2021-08-27 00:37:18.020747;garfield#5793;//gaal 2 0 2 2 1 0 -2 -4 4 1 1 6 -6 1 1 2 4;Enviado o print da Q2 para a pessoa
2021-08-27 00:37:53.659801;orezbr#8591;//gaal 2 -1 -2 0 1 7 6 -3 -2 -2 0 -4 -3 9 6 -5 -3;Enviado o print da Q2 para a pessoa
2021-08-27 00:38:00.580619;12mathgamer12#0221;//gaal 4;Enviado o print da Q4 para a pessoa
2021-08-27 00:38:20.559376;Henrique Álvares#7105;//gaal 3;Enviado o print da Q3 para a pessoa
2021-08-27 00:39:35.046436;Mirella#0218;//gaal 1 -1 4 4 2 1 0 -3 4 4 1 0 0 0 1 1;[[2, 1, 0]]
2021-08-27 00:39:36.239175;Mirella#0218;//gaal 1 -1 4 4 2 1 0 -3 4 4 1 0 0 0 1 1;Enviado o print da Q4 para a pessoa
2021-08-27 00:39:36.556457;FP KIDWIN#2083;//gaal 2 4 8 6 0 2 7 5 2 6 9 7 -2 -4 1 0 6;Enviado o print da Q2 para a pessoa
2021-08-27 00:40:57.287938;fdpinho#1871;//gaal  5;Enviado o print da Q5 para a pessoa
2021-08-27 00:40:58.834013;Sceadugengan#0675;//gaal 4 4 8 2 1 1 0 1 3 -1 3 1 -6 -5 -9;Enviado o print da Q4 para a pessoa
2021-08-27 00:41:07.835308;Korinto#1709;//gaal 3;Enviado o print da Q3 para a pessoa
2021-08-27 00:41:15.853892;garfield#5793;//gaal 3;Enviado o print da Q3 para a pessoa
2021-08-27 00:41:26.486902;Amanda Melo#4743;//gaal 4;Enviado o print da Q4 para a pessoa
2021-08-27 00:41:44.750052;Sceadugengan#0675;//gaal  1 4 4 8 2 1 1 0 1 3 -1 3 1 -6 -5 -9;Mandou o exemplo
2021-08-27 00:42:05.269169;Sceadugengan#0675;//gaal 1 4 4 8 2 1 1 0 1 3 -1 3 1 -6 -5 -9;[[-1, 3, 1]]
2021-08-27 00:42:06.384388;Sceadugengan#0675;//gaal 1 4 4 8 2 1 1 0 1 3 -1 3 1 -6 -5 -9;Enviado o print da Q4 para a pessoa
2021-08-27 00:42:26.893052;FP KIDWIN#2083;//gaal 3;Enviado o print da Q3 para a pessoa
2021-08-27 00:43:17.581614;Henrique Álvares#7105;//gaal 4;Enviado o print da Q4 para a pessoa
2021-08-27 00:43:38.850079;nouseln#6028;//gaal 5;Enviado o print da Q5 para a pessoa
2021-08-27 00:43:55.527023;lorenasv#3683;//gaal 3;Enviado o print da Q3 para a pessoa
2021-08-27 00:44:09.086085;anaana#5945;//gaal 1 -8 2 2  2 2 1  -2 3 2  6 1 0  1 2 0;Mandou o exemplo
2021-08-27 00:44:19.652000;Victor Lambert#1506;//gaal 4;Enviado o print da Q4 para a pessoa
2021-08-27 00:44:41.507572;garfield#5793;//gaal 5;Enviado o print da Q5 para a pessoa
2021-08-27 00:45:01.692752;Victor Lambert#1506;//gaal 5;Enviado o print da Q5 para a pessoa
2021-08-27 00:45:37.332457;anaana#5945;//gaal 1 -8 2 2 2 2 1 -2 3 2 6 1 0 1 2 0;[[1, 2, 0]]
2021-08-27 00:45:39.034599;anaana#5945;//gaal 1 -8 2 2 2 2 1 -2 3 2 6 1 0 1 2 0;Enviado o print da Q4 para a pessoa
2021-08-27 00:45:55.290879;orezbr#8591;//gaal 2 -1 -2 0 1 7 6 -3 -2 -2 0 -4 -3 9 6 -5 -3;Enviado o print da Q2 para a pessoa
2021-08-27 00:46:17.080270;lorenasv#3683;//gaal 2;Enviado o print da Q2 para a pessoa
2021-08-27 00:46:50.887786;Korinto#1709;//gaal 4;Enviado o print da Q4 para a pessoa
2021-08-27 00:46:59.074831;Lordkaiolux#9718;//gaal 1 0 1 2 2 10 1 1 2 -1 0 2 1 4 4 -6;[[0, 1, 2]]
2021-08-27 00:47:01.063376;Lordkaiolux#9718;//gaal 1 0 1 2 2 10 1 1 2 -1 0 2 1 4 4 -6;Enviado o print da Q4 para a pessoa
2021-08-27 00:47:35.428641;Henrique Álvares#7105;//gaal 4;Enviado o print da Q4 para a pessoa
2021-08-27 00:47:48.347992;João Francisco#0935;//gaal 5;Enviado o print da Q5 para a pessoa
2021-08-27 00:48:18.236686;carneiro#6859;//gaal 1 -1 2 0 1 2 2 0 2 0 -4 4 0 3 -2 0;[[1, 2, 2]]
2021-08-27 00:48:19.468966;carneiro#6859;//gaal 1 -1 2 0 1 2 2 0 2 0 -4 4 0 3 -2 0;Enviado o print da Q4 para a pessoa
2021-08-27 00:48:47.720522;anaana#5945;//gaal 2 2 -2 4 5 7 3 7 11 4 0 8 9 3 1 5 7;Enviado o print da Q2 para a pessoa
2021-08-27 00:48:49.022583;Joãozin#7667;//gaal 3;Enviado o print da Q3 para a pessoa
2021-08-27 00:49:38.411774;12mathgamer12#0221;//gaal 5;Enviado o print da Q5 para a pessoa
2021-08-27 00:49:54.841506;Mirella#0218;//gaal 2;Enviado o print da Q2 para a pessoa
2021-08-27 00:51:54.203935;dr. auzio varella#9256;//gaal 5;Enviado o print da Q5 para a pessoa
2021-08-27 00:52:01.731045;fdpinho#1871;//gaal 4;Enviado o print da Q4 para a pessoa
2021-08-27 00:52:18.313244;Henrique Álvares#7105;//gaal 4;Enviado o print da Q4 para a pessoa
2021-08-27 00:53:20.075925;Korinto#1709;//gaal 4;Enviado o print da Q4 para a pessoa
2021-08-27 00:53:46.679251;carneiro#6859;//gaal 3;Enviado o print da Q3 para a pessoa
2021-08-27 00:54:01.130123;Lordkaiolux#9718;//gaal 2;Enviado o print da Q2 para a pessoa
2021-08-27 00:54:27.613281;orezbr#8591;//gaal 1 1 -2 1 -2 0 3 1 -7 1 4 2 4 1 3 1;[[-2, 0, 3]]
2021-08-27 00:54:29.487445;orezbr#8591;//gaal 1 1 -2 1 -2 0 3 1 -7 1 4 2 4 1 3 1;Enviado o print da Q4 para a pessoa
2021-08-27 00:54:44.562674;lorenasv#3683;//gaal 1;Mandou o exemplo
2021-08-27 00:56:33.741018;Lordkaiolux#9718;//gaal 3;Enviado o print da Q3 para a pessoa
2021-08-27 00:57:05.589334;Korinto#1709;//gaal 5;Enviado o print da Q5 para a pessoa
2021-08-27 00:58:20.434730;Mirella#0218;//gaal 3;Enviado o print da Q3 para a pessoa
2021-08-27 00:58:25.944630;luccatanan#5608;//gaal 1 -1 2 3 -3 0 5 2 0 2 -1 0 1 0 0 1;[[-1, 2, 3]]
2021-08-27 00:58:30.222148;luccatanan#5608;//gaal 1 -1 2 3 -3 0 5 2 0 2 -1 0 1 0 0 1;Enviado o print da Q4 para a pessoa
2021-08-27 00:58:50.786116;alexj#5542;//gaal 4;Enviado o print da Q4 para a pessoa
2021-08-27 00:59:13.557061;lorenasv#3683;//gaal 1 2  4  4  3  -1  -1  2  1  -1  1  0  0  0  1  1;Mandou o exemplo
2021-08-27 00:59:17.917559;Henrique Álvares#7105;//gaal 5;Enviado o print da Q5 para a pessoa
2021-08-27 00:59:19.271232;carneiro#6859;//gaal 2;Enviado o print da Q2 para a pessoa
2021-08-27 01:00:39.584722;lorenasv#3683;//gaal  1  2  4  4  3  -1  -1  2  1  -1  1  0  0  0  1  1;Mandou o exemplo
2021-08-27 01:01:24.842822;12mathgamer12#0221;//gaal 4;Enviado o print da Q4 para a pessoa
2021-08-27 01:01:41.373186;Marcello Henrique#6942;//gaal 5;Enviado o print da Q5 para a pessoa
2021-08-27 01:02:31.957641;carneiro#6859;//gaal 3;Enviado o print da Q3 para a pessoa
2021-08-27 01:03:24.832693;Victor Lambert#1506;//gaal 5;Enviado o print da Q5 para a pessoa
2021-08-27 01:03:50.897927;lorenasv#3683;//gaal 1 2 4 4 3  -1  -1 2 1  -1 1 0 0 0 1 1;Mandou o exemplo
2021-08-27 01:04:10.199895;susamara#3091;//gaal 1 -1 1 -2 -2 1 0 -2 3 2 -8 8 4 -2 -5 -6;[[-1, 1, -2]]
2021-08-27 01:04:15.956036;susamara#3091;//gaal 1 -1 1 -2 -2 1 0 -2 3 2 -8 8 4 -2 -5 -6;Enviado o print da Q4 para a pessoa
2021-08-27 01:04:42.306207;juao#8175;//gaal 5;Enviado o print da Q5 para a pessoa
2021-08-27 01:04:48.906401;juao#8175;//gaal 4;Enviado o print da Q4 para a pessoa
2021-08-27 01:06:19.244225;lorenasv#3683;//gaal 4;Enviado o print da Q4 para a pessoa
2021-08-27 01:07:21.388444;carneiro#6859;//gaal 4;Enviado o print da Q4 para a pessoa
2021-08-27 01:07:32.363752;Victor Lambert#1506;//gaal 5;Enviado o print da Q5 para a pessoa
2021-08-27 01:08:28.672672;Lucas Fernando#0951;//gaal 1 2 -1 1 1 3 -2 3 3 2 3 -5 4 9 6 -3;[[3, 3, 2]]
2021-08-27 01:08:30.571195;Lucas Fernando#0951;//gaal 1 2 -1 1 1 3 -2 3 3 2 3 -5 4 9 6 -3;Enviado o print da Q4 para a pessoa
2021-08-27 01:10:25.995235;susamara#3091;//gaal 2 5 3 -2 0 -1 -3 -1 -1 1 -1 4 8 -2 10 4 0;Enviado o print da Q2 para a pessoa
2021-08-27 01:11:30.726459;carneiro#6859;//gaal 4;Enviado o print da Q4 para a pessoa
2021-08-27 01:13:59.300238;orezbr#8591;//gaal 5;Enviado o print da Q5 para a pessoa
2021-08-27 01:15:02.601197;Lucas Fernando#0951;//gaal 2 -1 1 4 -1 2 -4 -6 3 0 -4 4 2 -1 5 0 -3;Enviado o print da Q2 para a pessoa
2021-08-27 01:16:43.594804;Lordkaiolux#9718;//gaal 4;Enviado o print da Q4 para a pessoa
2021-08-27 01:16:50.949743;Carecão Brabo#0743;//gaal 1 2 2 1 3 1 2 14 11 10 -8 -5 -7 2 1 2;[[3, 1, 2]]
2021-08-27 01:16:52.156371;Carecão Brabo#0743;//gaal 1 2 2 1 3 1 2 14 11 10 -8 -5 -7 2 1 2;Enviado o print da Q4 para a pessoa
2021-08-27 01:18:13.583185;carneiro#6859;//gaal 5;Enviado o print da Q5 para a pessoa
2021-08-27 01:18:30.908346;Carecão Brabo#0743;//gaal 2 4 6 4 0 0 -1 -2 4 9 -1 -4 10 2 -4 -4 4;Enviado o print da Q2 para a pessoa
2021-08-27 01:21:53.091838;lorenasv#3683;//gaal 1 2 4 4 3 -1 -1 2 1 -1 1 0 0 0 1 1;[[2, 1, -1]]
2021-08-27 01:21:54.462369;lorenasv#3683;//gaal 1 2 4 4 3 -1 -1 2 1 -1 1 0 0 0 1 1;Enviado o print da Q4 para a pessoa
2021-08-27 01:22:03.324477;juao#8175;//gaal 4;Enviado o print da Q4 para a pessoa
2021-08-27 01:22:23.270496;fdpinho#1871;//gaal 4;Enviado o print da Q4 para a pessoa
2021-08-27 01:22:36.965059;carneiro#6859;//gaal 1;Mandou o exemplo
2021-08-27 01:22:57.839356;carneiro#6859;//gaal 1 2 2 1 3 1 2 14 11 10 -8 -5 -7 2 1 2;[[3, 1, 2]]
2021-08-27 01:23:00.086131;carneiro#6859;//gaal 1 2 2 1 3 1 2 14 11 10 -8 -5 -7 2 1 2;Enviado o print da Q4 para a pessoa
2021-08-27 01:24:12.229200;luxsant17#1356;//gaal 1 1 0 1 6 -2 0 1 3 2 8 9 7 2 1 1;[[1, 0, 1]]
2021-08-27 01:24:13.471353;luxsant17#1356;//gaal 1 1 0 1 6 -2 0 1 3 2 8 9 7 2 1 1;Enviado o print da Q4 para a pessoa
2021-08-27 01:24:20.840611;Carecão Brabo#0743;//gaal 3;Enviado o print da Q3 para a pessoa
2021-08-27 01:24:38.748325;Binaro95#3064;//gaal 5;Enviado o print da Q5 para a pessoa
2021-08-27 01:26:51.341526;fdpinho#1871;//gaal 4;Enviado o print da Q4 para a pessoa
2021-08-27 01:27:35.814881;Carecão Brabo#0743;//gaal 4;Enviado o print da Q4 para a pessoa
2021-08-27 01:28:25.884927;luxsant17#1356;//gaal 3;Enviado o print da Q3 para a pessoa
2021-08-27 01:29:16.408141;e.r.#4804;//gaal 4;Enviado o print da Q4 para a pessoa
2021-08-27 01:31:47.855930;Amanda Melo#4743;//gaal 4;Enviado o print da Q4 para a pessoa
2021-08-27 01:32:13.324048;Carecão Brabo#0743;//gaal 4;Enviado o print da Q4 para a pessoa
2021-08-27 01:33:37.734843;Lucas Fernando#0951;//gaal 4;Enviado o print da Q4 para a pessoa
2021-08-27 01:37:32.248069;Carecão Brabo#0743;//gaal 5;Enviado o print da Q5 para a pessoa
2021-08-27 01:38:02.481623;vitoriaandrade3#0246;//gaal 5;Enviado o print da Q5 para a pessoa
2021-08-27 01:38:22.615269;orezbr#8591;//gaal 4;Enviado o print da Q4 para a pessoa
2021-08-27 01:40:14.076696;Lucas Fernando#0951;//gaal 5;Enviado o print da Q5 para a pessoa
2021-08-27 01:41:19.123947;Victor Lambert#1506;//gaal 5;Enviado o print da Q5 para a pessoa
2021-08-27 01:42:37.237542;Amanda Melo#4743;//gaal 4;Enviado o print da Q4 para a pessoa
2021-08-27 01:43:12.579332;carneiro#6859;//gaal 4;Enviado o print da Q4 para a pessoa
2021-08-27 01:49:07.770387;e.r.#4804;//gaal 4;Enviado o print da Q4 para a pessoa
2021-08-27 01:49:47.770073;carneiro#6859;//gaal 2 1 6 4 1 -1 9 4 0 4 -3 2 3 -2 6 2 0;Enviado o print da Q2 para a pessoa
2021-08-27 02:04:11.040690;JuliaL#5406;//gaal 1 2 2 1 1 2 3 -1 2 -1 5 -2 9 -5 -2 -11;[[2, 2, 1]]
2021-08-27 02:04:12.754007;JuliaL#5406;//gaal 1 2 2 1 1 2 3 -1 2 -1 5 -2 9 -5 -2 -11;Enviado o print da Q4 para a pessoa
2021-08-27 02:06:12.009164;orezbr#8591;//gaal 4;Enviado o print da Q4 para a pessoa
2021-08-27 02:06:52.937584;Pedro Beiral#2876;//gaal 1;Mandou o exemplo
2021-08-27 02:09:48.459258;Pedro Beiral#2876;//gaal 1 0 1 0  6 6 -2  0 0 1 -3 -3 4  3 3 -2;Mandou o exemplo
2021-08-27 02:11:59.587437;Pedro Beiral#2876;//gaal 1 0 1 0 6 6 -2 0 0 1 -3 -3 4 3 3 -2;[[0, 1, 0]]
2021-08-27 02:12:00.732444;Pedro Beiral#2876;//gaal 1 0 1 0 6 6 -2 0 0 1 -3 -3 4 3 3 -2;Enviado o print da Q4 para a pessoa
2021-08-27 02:13:34.519698;Pedro Beiral#2876;//gaal 2 1 -2 0 3 2 -4 2 4 0 0 2 -2 2 -4 -4 10;Enviado o print da Q2 para a pessoa
2021-08-27 02:14:54.210435;Pedro Beiral#2876;//gaal 3;Enviado o print da Q3 para a pessoa
2021-08-27 02:20:25.159934;Pedro Beiral#2876;//gaal 5;Enviado o print da Q5 para a pessoa
2021-08-27 02:25:31.456714;Pedro Beiral#2876;//gaal 2 1 -2 0 3 2 -4 2 4 0 0 2 -2 2 -4 -4 10;Enviado o print da Q2 para a pessoa
2021-08-27 02:25:59.429135;Izabelle Carvalho#9928;//gaal 1 2 -2 0 1 2 -2 5 -8 2 -3 0 2 0 -1 1;[[0, -1, 1]]
2021-08-27 02:26:00.738297;Izabelle Carvalho#9928;//gaal 1 2 -2 0 1 2 -2 5 -8 2 -3 0 2 0 -1 1;Enviado o print da Q4 para a pessoa
2021-08-27 02:26:41.196765;Gabi Siqueira#3642;//gaal 2;Enviado o print da Q2 para a pessoa
2021-08-27 02:27:07.798475;Izabelle Carvalho#9928;//gaal 2;Enviado o print da Q2 para a pessoa
2021-08-27 02:31:35.699921;Izabelle Carvalho#9928;//gaal 3;Enviado o print da Q3 para a pessoa
2021-08-27 02:32:37.123625;Henrique Álvares#7105;//gaal 1 0 1 2 2 10 1 1 2 -1 0 2 1 4 4 -6;[[0, 1, 2]]
2021-08-27 02:32:38.488826;Henrique Álvares#7105;//gaal 1 0 1 2 2 10 1 1 2 -1 0 2 1 4 4 -6;Enviado o print da Q4 para a pessoa
2021-08-27 02:34:26.777039;Henrique Álvares#7105;//gaal 2;Enviado o print da Q2 para a pessoa
2021-08-27 02:35:52.872372;orezbr#8591;//gaal 4;Enviado o print da Q4 para a pessoa
2021-08-27 02:36:56.844325;Izabelle Carvalho#9928;//gaal 4;Enviado o print da Q4 para a pessoa
2021-08-27 02:41:19.311090;orezbr#8591;//gaal 4;Enviado o print da Q4 para a pessoa
2021-08-27 02:43:29.313089;lDarkChico#5873;//gaal 1 0 3 1 0 0 -7 3 -1 1 0 9 10 0 -1 2;[[3, -1, 1]]
2021-08-27 02:43:30.369714;lDarkChico#5873;//gaal 1 0 3 1 0 0 -7 3 -1 1 0 9 10 0 -1 2;Enviado o print da Q4 para a pessoa
2021-08-27 02:46:26.234746;Filipe_bc#7887;//gaal 2;Enviado o print da Q2 para a pessoa
2021-08-27 03:06:22.688677;sz#8400;//gaal 4;Enviado o print da Q4 para a pessoa
2021-08-27 09:15:01.401851;hutner700#5080;//limpar 1000;limpou 1001 mensagens
